AnalyteName,Background,BufferId,CartridgeId,CartridgeComments,CalculatedConcentration,CalculatedConcentrationInRange,CalculatedConcentrationPercentCV,CalculatedConcentrationStdDev,ChannelNumber,CurveCoefficientA,CurveCoefficientB,CurveCoefficientC,CurveCoefficientD,CurveCoefficientG,DiluentId,DilutionFactor,GnrFilter,GnrFilterCVPercentThreshold,IsSampleStdDev,Gnr1CalculatedConcentration,Gnr1RFU,Gnr1Background,Gnr1Signal,Gnr2CalculatedConcentration,Gnr2RFU,Gnr2Background,Gnr2Signal,Gnr3CalculatedConcentration,Gnr3RFU,Gnr3Background,Gnr3Signal,GnrCount,InletComment,InletNumber,InstrumentName,KitId,KitGuid,KnownConcentration,LotNumber,PercentRecovery,RFU,RFUPercentCV,RFUStdDev,RunDate,RunUserName,SampleName,SampleType,Signal,SpecimenTypes
CCL2,0.451,689,32270,,,OOR>,1.949,24.704,1,0.206,1.232,641.472,1368.234,0.875,691,1,GnrRfuCVThreshold,10,FALSE,1290.539,895.181,0.451,895.632,1233.075,878.709,0.451,879.16,1278.23,891.739,0.451,892.19,3,,1,Ella-15030042,29042,eb94a318-aa3d-471f-bd4a-6cc8174a4f73,,2269,,888.543,0.798,7.094,6/20/2017 11:40,Ella,1,None,888.994,PlasmaSerum
IL-6,0.457,689,32270,,2516.638,IR,9.049,227.722,2,0.071,0.975,3926.232,923.313,1.052,691,1,GnrRfuCVThreshold,10,FALSE,2687.196,391.961,0.457,392.418,2194.782,347.732,0.457,348.188,2667.935,390.36,0.457,390.816,3,,1,Ella-15030042,29042,eb94a318-aa3d-471f-bd4a-6cc8174a4f73,,2269,,376.684,5.438,20.483,6/20/2017 11:40,Ella,1,None,377.141,PlasmaSerum
TNF-a,0.449,689,32270,,14.864,IR,0.877,0.13,3,0.232,0.992,4088.067,979.289,0.602,691,1,GnrRfuCVThreshold,10,FALSE,15.046,2.494,0.449,2.943,14.803,2.458,0.449,2.907,14.745,2.449,0.449,2.898,3,,1,Ella-15030042,29042,eb94a318-aa3d-471f-bd4a-6cc8174a4f73,,2269,,2.467,0.785,0.019,6/20/2017 11:40,Ella,1,None,2.916,PlasmaSerum
VEGF-A,0.455,689,32270,,9.885,IR,1.398,0.138,4,1.568,0.972,4665.583,848.638,0.92,691,1,GnrRfuCVThreshold,10,FALSE,10.079,3.561,0.455,4.016,9.81,3.509,0.455,3.965,9.767,3.501,0.455,3.956,3,,1,Ella-15030042,29042,eb94a318-aa3d-471f-bd4a-6cc8174a4f73,,2269,,3.524,0.752,0.027,6/20/2017 11:40,Ella,1,None,3.979,PlasmaSerum
CCL2,0.443,689,32270,,251.447,IR,0.447,1.124,1,0.206,1.232,641.472,1368.234,0.875,691,1,GnrRfuCVThreshold,10,FALSE,253.025,293.609,0.443,294.051,250.819,291.169,0.443,291.612,250.496,290.811,0.443,291.254,3,,2,Ella-15030042,29042,eb94a318-aa3d-471f-bd4a-6cc8174a4f73,,2269,,291.863,0.426,1.243,6/20/2017 11:40,Ella,2,None,292.306,PlasmaSerum
IL-6,0.439,689,32270,,300.499,IR,3.494,10.5,2,0.071,0.975,3926.232,923.313,1.052,691,1,GnrRfuCVThreshold,10,FALSE,313.726,76.034,0.439,76.474,299.729,72.982,0.439,73.421,288.042,70.414,0.439,70.854,3,,2,Ella-15030042,29042,eb94a318-aa3d-471f-bd4a-6cc8174a4f73,,2269,,73.143,3.141,2.297,6/20/2017 11:40,Ella,2,None,73.583,PlasmaSerum
TNF-a,0.435,689,32270,,4.244,IR,2.222,0.094,3,0.232,0.992,4088.067,979.289,0.602,691,1,GnrRfuCVThreshold,10,FALSE,4.299,0.887,0.435,1.322,4.112,0.858,0.435,1.294,4.322,0.89,0.435,1.326,3,,2,Ella-15030042,29042,eb94a318-aa3d-471f-bd4a-6cc8174a4f73,,2269,,0.879,1.62,0.014,6/20/2017 11:40,Ella,2,None,1.314,PlasmaSerum
VEGF-A,0.439,689,32270,,7.001,IR,8.188,0.573,4,1.568,0.972,4665.583,848.638,0.92,691,1,GnrRfuCVThreshold,10,FALSE,6.19,2.81,0.439,3.249,7.41,3.047,0.439,3.485,7.402,3.045,0.439,3.484,3,,2,Ella-15030042,29042,eb94a318-aa3d-471f-bd4a-6cc8174a4f73,,2269,,2.967,3.751,0.111,6/20/2017 11:40,Ella,2,None,3.406,PlasmaSerum
CCL2,0.454,689,32270,,43.178,IR,2.203,0.951,1,0.206,1.232,641.472,1368.234,0.875,691,1,GnrRfuCVThreshold,10,FALSE,44.156,42.965,0.454,43.419,43.489,42.196,0.454,42.65,41.888,40.36,0.454,40.814,3,,3,Ella-15030042,29042,eb94a318-aa3d-471f-bd4a-6cc8174a4f73,,2269,,41.841,2.612,1.093,6/20/2017 11:40,Ella,3,None,42.294,PlasmaSerum
IL-6,0.44,689,32270,,3.114,IR,9.756,0.304,2,0.071,0.975,3926.232,923.313,1.052,691,1,GnrRfuCVThreshold,10,FALSE,3.494,1.098,0.44,1.538,3.096,0.984,0.44,1.424,2.751,0.885,0.44,1.324,3,,3,Ella-15030042,29042,eb94a318-aa3d-471f-bd4a-6cc8174a4f73,,2269,,0.989,8.821,0.087,6/20/2017 11:40,Ella,3,None,1.429,PlasmaSerum
TNF-a,0.439,689,32270,,1.356,OOR<,10.661,0.145,3,0.232,0.992,4088.067,979.289,0.602,691,1,GnrRfuCVThreshold,10,FALSE,1.502,0.463,0.439,0.902,1.159,0.411,0.439,0.85,1.407,0.449,0.439,0.888,3,,3,Ella-15030042,29042,eb94a318-aa3d-471f-bd4a-6cc8174a4f73,,2269,,0.441,4.999,0.022,6/20/2017 11:40,Ella,3,None,0.88,PlasmaSerum
VEGF-A,0.45,689,32270,,3.486,OOR<,2.365,0.082,4,1.568,0.972,4665.583,848.638,0.92,691,1,GnrRfuCVThreshold,10,FALSE,3.473,2.276,0.45,2.727,3.593,2.3,0.45,2.751,3.393,2.261,0.45,2.711,3,,3,Ella-15030042,29042,eb94a318-aa3d-471f-bd4a-6cc8174a4f73,,2269,,2.279,0.717,0.016,6/20/2017 11:40,Ella,3,None,2.729,PlasmaSerum
CCL2,0.464,689,32270,,220.959,IR,1.498,3.311,1,0.206,1.232,641.472,1368.234,0.875,691,1,GnrRfuCVThreshold,10,FALSE,225.234,262.384,0.464,262.848,217.167,253.122,0.464,253.586,220.475,256.931,0.464,257.395,3,,4,Ella-15030042,29042,eb94a318-aa3d-471f-bd4a-6cc8174a4f73,,2269,,257.479,1.476,3.801,6/20/2017 11:40,Ella,4,None,257.943,PlasmaSerum
IL-6,0.46,689,32270,,199.286,IR,4.189,8.349,2,0.071,0.975,3926.232,923.313,1.052,691,1,GnrRfuCVThreshold,10,FALSE,209.816,52.756,0.46,53.215,189.396,48.002,0.46,48.462,198.647,50.164,0.46,50.624,3,,4,Ella-15030042,29042,eb94a318-aa3d-471f-bd4a-6cc8174a4f73,,2269,,50.307,3.863,1.943,6/20/2017 11:40,Ella,4,None,50.767,PlasmaSerum
TNF-a,0.45,689,32270,,1.998,IR,3.441,0.069,3,0.232,0.992,4088.067,979.289,0.602,691,1,GnrRfuCVThreshold,10,FALSE,1.935,0.529,0.45,0.979,1.965,0.534,0.45,0.983,2.094,0.553,0.45,1.003,3,,4,Ella-15030042,29042,eb94a318-aa3d-471f-bd4a-6cc8174a4f73,,2269,,0.539,1.939,0.01,6/20/2017 11:40,Ella,4,None,0.988,PlasmaSerum
VEGF-A,0.452,689,32270,,21.529,IR,1.359,0.293,4,1.568,0.972,4665.583,848.638,0.92,691,1,GnrRfuCVThreshold,10,FALSE,21.382,5.697,0.452,6.149,21.266,5.676,0.452,6.128,21.937,5.801,0.452,6.253,3,,4,Ella-15030042,29042,eb94a318-aa3d-471f-bd4a-6cc8174a4f73,,2269,,5.725,0.954,0.055,6/20/2017 11:40,Ella,4,None,6.177,PlasmaSerum
CCL2,0.463,689,32270,,8.832,IR,7.614,0.672,1,0.206,1.232,641.472,1368.234,0.875,691,1,GnrRfuCVThreshold,10,FALSE,,,,,8.16,5.705,0.463,6.168,9.505,6.837,0.463,7.3,2,,5,Ella-15030042,29042,eb94a318-aa3d-471f-bd4a-6cc8174a4f73,,2269,,6.271,9.022,0.566,6/20/2017 11:40,Ella,5,None,6.734,PlasmaSerum
IL-6,0.468,689,32270,,2911.739,IR,3.749,109.161,2,0.071,0.975,3926.232,923.313,1.052,691,1,GnrRfuCVThreshold,10,FALSE,2962.098,413.804,0.468,414.273,2760.179,397.941,0.468,398.41,3012.94,417.648,0.468,418.116,3,,5,Ella-15030042,29042,eb94a318-aa3d-471f-bd4a-6cc8174a4f73,,2269,,409.798,2.081,8.529,6/20/2017 11:40,Ella,5,None,410.266,PlasmaSerum
TNF-a,0.447,689,32270,,4.551,IR,3.814,0.174,3,0.232,0.992,4088.067,979.289,0.602,691,1,GnrRfuCVThreshold,10,FALSE,4.792,0.961,0.447,1.408,4.39,0.9,0.447,1.348,4.471,0.913,0.447,1.36,3,,5,Ella-15030042,29042,eb94a318-aa3d-471f-bd4a-6cc8174a4f73,,2269,,0.925,2.829,0.026,6/20/2017 11:40,Ella,5,None,1.372,PlasmaSerum
VEGF-A,0.455,689,32270,,11.347,IR,5.863,0.665,4,1.568,0.972,4665.583,848.638,0.92,691,1,GnrRfuCVThreshold,10,FALSE,12.09,3.945,0.455,4.401,11.474,3.828,0.455,4.283,10.475,3.637,0.455,4.092,3,,5,Ella-15030042,29042,eb94a318-aa3d-471f-bd4a-6cc8174a4f73,,2269,,3.803,3.342,0.127,6/20/2017 11:40,Ella,5,None,4.259,PlasmaSerum
CCL2,0.826,689,32270,,NaN,OOR>,NaN,NaN,1,0.206,1.232,641.472,1368.234,0.875,691,1,GnrRfuCVThreshold,10,FALSE,NaN,1741.51,0.826,1742.336,NaN,1643.748,0.826,1644.573,NaN,1556.038,0.826,1556.863,3,,6,Ella-15030042,29042,eb94a318-aa3d-471f-bd4a-6cc8174a4f73,,2269,,1647.099,4.599,75.756,6/20/2017 11:40,Ella,6,None,1647.924,PlasmaSerum
IL-6,0.861,689,32270,,9138.265,OOR>,6.2,566.593,2,0.071,0.975,3926.232,923.313,1.052,691,1,GnrRfuCVThreshold,10,FALSE,8633.175,647.737,0.861,648.598,8852.104,652.55,0.861,653.411,9929.516,673.994,0.861,674.855,3,,6,Ella-15030042,29042,eb94a318-aa3d-471f-bd4a-6cc8174a4f73,,2269,,658.093,1.734,11.414,6/20/2017 11:40,Ella,6,None,658.954,PlasmaSerum
TNF-a,0.796,689,32270,,23.601,IR,3.122,0.737,3,0.232,0.992,4088.067,979.289,0.602,691,1,GnrRfuCVThreshold,10,FALSE,24.294,3.863,0.796,4.659,23.928,3.809,0.796,4.605,22.58,3.61,0.796,4.406,3,,6,Ella-15030042,29042,eb94a318-aa3d-471f-bd4a-6cc8174a4f73,,2269,,3.761,2.892,0.109,6/20/2017 11:40,Ella,6,None,4.557,PlasmaSerum
VEGF-A,0.791,689,32270,,44.541,IR,1.04,0.463,4,1.568,0.972,4665.583,848.638,0.92,691,1,GnrRfuCVThreshold,10,FALSE,44.915,10.018,0.791,10.809,43.888,9.832,0.791,10.623,44.82,10.001,0.791,10.792,3,,6,Ella-15030042,29042,eb94a318-aa3d-471f-bd4a-6cc8174a4f73,,2269,,9.951,0.843,0.084,6/20/2017 11:40,Ella,6,None,10.741,PlasmaSerum
CCL2,0.814,689,32270,,95.056,IR,0.28,0.266,1,0.206,1.232,641.472,1368.234,0.875,691,1,GnrRfuCVThreshold,10,FALSE,95.321,105.044,0.814,105.858,94.79,104.382,0.814,105.196,,,,,2,,7,Ella-15030042,29042,eb94a318-aa3d-471f-bd4a-6cc8174a4f73,,2269,,104.713,0.316,0.331,6/20/2017 11:40,Ella,7,None,105.527,PlasmaSerum
IL-6,0.804,689,32270,,5.653,IR,1.499,0.085,2,0.071,0.975,3926.232,923.313,1.052,691,1,GnrRfuCVThreshold,10,FALSE,5.743,1.737,0.804,2.542,5.677,1.719,0.804,2.523,5.539,1.68,0.804,2.484,3,,7,Ella-15030042,29042,eb94a318-aa3d-471f-bd4a-6cc8174a4f73,,2269,,1.712,1.399,0.024,6/20/2017 11:40,Ella,7,None,2.516,PlasmaSerum
TNF-a,0.793,689,32270,,7.967,IR,3.211,0.256,3,0.232,0.992,4088.067,979.289,0.602,691,1,GnrRfuCVThreshold,10,FALSE,8.163,1.467,0.793,2.26,7.605,1.384,0.793,2.177,8.132,1.463,0.793,2.256,3,,7,Ella-15030042,29042,eb94a318-aa3d-471f-bd4a-6cc8174a4f73,,2269,,1.438,2.666,0.038,6/20/2017 11:40,Ella,7,None,2.231,PlasmaSerum
VEGF-A,0.828,689,32270,,31.4,IR,2.835,0.89,4,1.568,0.972,4665.583,848.638,0.92,691,1,GnrRfuCVThreshold,10,FALSE,32.526,7.76,0.828,8.588,30.349,7.36,0.828,8.188,31.325,7.54,0.828,8.367,3,,7,Ella-15030042,29042,eb94a318-aa3d-471f-bd4a-6cc8174a4f73,,2269,,7.553,2.167,0.164,6/20/2017 11:40,Ella,7,None,8.381,PlasmaSerum
CCL2,0.791,689,32270,,44.563,IR,0.922,0.411,1,0.206,1.232,641.472,1368.234,0.875,691,1,GnrRfuCVThreshold,10,FALSE,45.069,44.021,0.791,44.811,44.557,43.428,0.791,44.219,44.063,42.858,0.791,43.648,3,,8,Ella-15030042,29042,eb94a318-aa3d-471f-bd4a-6cc8174a4f73,,2269,,43.435,1.093,0.475,6/20/2017 11:40,Ella,8,None,44.226,PlasmaSerum
IL-6,0.783,689,32270,,3.015,IR,4.948,0.149,2,0.071,0.975,3926.232,923.313,1.052,691,1,GnrRfuCVThreshold,10,FALSE,3.17,1.005,0.783,1.788,3.061,0.974,0.783,1.757,2.813,0.903,0.783,1.686,3,,8,Ella-15030042,29042,eb94a318-aa3d-471f-bd4a-6cc8174a4f73,,2269,,0.961,4.465,0.043,6/20/2017 11:40,Ella,8,None,1.743,PlasmaSerum
TNF-a,0.753,689,32270,,3.136,IR,3.888,0.122,3,0.232,0.992,4088.067,979.289,0.602,691,1,GnrRfuCVThreshold,10,FALSE,3.269,0.731,0.753,1.484,3.166,0.716,0.753,1.469,2.974,0.687,0.753,1.44,3,,8,Ella-15030042,29042,eb94a318-aa3d-471f-bd4a-6cc8174a4f73,,2269,,0.711,2.594,0.018,6/20/2017 11:40,Ella,8,None,1.464,PlasmaSerum
VEGF-A,0.794,689,32270,,15.514,IR,3.942,0.612,4,1.568,0.972,4665.583,848.638,0.92,691,1,GnrRfuCVThreshold,10,FALSE,16.196,4.724,0.794,5.518,15.632,4.617,0.794,5.411,14.712,4.443,0.794,5.237,3,,8,Ella-15030042,29042,eb94a318-aa3d-471f-bd4a-6cc8174a4f73,,2269,,4.595,2.515,0.116,6/20/2017 11:40,Ella,8,None,5.389,PlasmaSerum
CCL2,0.812,689,32270,,63.467,IR,0.594,0.377,1,0.206,1.232,641.472,1368.234,0.875,691,1,GnrRfuCVThreshold,10,FALSE,63.789,66.222,0.812,67.034,62.938,65.194,0.812,66.006,63.675,66.085,0.812,66.897,3,,9,Ella-15030042,29042,eb94a318-aa3d-471f-bd4a-6cc8174a4f73,,2269,,65.834,0.693,0.456,6/20/2017 11:40,Ella,9,None,66.646,PlasmaSerum
IL-6,0.782,689,32270,,4.064,IR,7.997,0.325,2,0.071,0.975,3926.232,923.313,1.052,691,1,GnrRfuCVThreshold,10,FALSE,3.664,1.147,0.782,1.929,4.068,1.262,0.782,2.044,4.46,1.374,0.782,2.156,3,,9,Ella-15030042,29042,eb94a318-aa3d-471f-bd4a-6cc8174a4f73,,2269,,1.261,7.35,0.093,6/20/2017 11:40,Ella,9,None,2.043,PlasmaSerum
TNF-a,0.79,689,32270,,3.484,IR,5.838,0.203,3,0.232,0.992,4088.067,979.289,0.602,691,1,GnrRfuCVThreshold,10,FALSE,3.622,0.785,0.79,1.574,3.634,0.786,0.79,1.576,3.196,0.72,0.79,1.51,3,,9,Ella-15030042,29042,eb94a318-aa3d-471f-bd4a-6cc8174a4f73,,2269,,0.764,4.026,0.031,6/20/2017 11:40,Ella,9,None,1.553,PlasmaSerum
VEGF-A,0.813,689,32270,,16.596,IR,3.454,0.573,4,1.568,0.972,4665.583,848.638,0.92,691,1,GnrRfuCVThreshold,10,FALSE,17.406,4.952,0.813,5.765,16.172,4.719,0.813,5.533,16.209,4.726,0.813,5.54,3,,9,Ella-15030042,29042,eb94a318-aa3d-471f-bd4a-6cc8174a4f73,,2269,,4.799,2.251,0.108,6/20/2017 11:40,Ella,9,None,5.613,PlasmaSerum
CCL2,0.763,689,32270,,53.456,IR,0.816,0.436,1,0.206,1.232,641.472,1368.234,0.875,691,1,GnrRfuCVThreshold,10,FALSE,54.046,54.544,0.763,55.307,53.004,53.31,0.763,54.072,53.32,53.684,0.763,54.447,3,,10,Ella-15030042,29042,eb94a318-aa3d-471f-bd4a-6cc8174a4f73,,2269,,53.846,0.96,0.517,6/20/2017 11:40,Ella,10,None,54.609,PlasmaSerum
IL-6,0.749,689,32270,,5.195,IR,6.909,0.359,2,0.071,0.975,3926.232,923.313,1.052,691,1,GnrRfuCVThreshold,10,FALSE,5.56,1.686,0.749,2.435,4.707,1.444,0.749,2.193,5.318,1.617,0.749,2.366,3,,10,Ella-15030042,29042,eb94a318-aa3d-471f-bd4a-6cc8174a4f73,,2269,,1.582,6.428,0.102,6/20/2017 11:40,Ella,10,None,2.331,PlasmaSerum
TNF-a,0.752,689,32270,,3.113,IR,7.929,0.247,3,0.232,0.992,4088.067,979.289,0.602,691,1,GnrRfuCVThreshold,10,FALSE,3.331,0.741,0.752,1.493,3.239,0.727,0.752,1.479,2.768,0.655,0.752,1.408,3,,10,Ella-15030042,29042,eb94a318-aa3d-471f-bd4a-6cc8174a4f73,,2269,,0.708,5.279,0.037,6/20/2017 11:40,Ella,10,None,1.46,PlasmaSerum
VEGF-A,0.77,689,32270,,7.099,IR,9.621,0.683,4,1.568,0.972,4665.583,848.638,0.92,691,1,GnrRfuCVThreshold,10,FALSE,7.88,3.138,0.77,3.907,7.201,3.006,0.77,3.776,6.216,2.815,0.77,3.585,3,,10,Ella-15030042,29042,eb94a318-aa3d-471f-bd4a-6cc8174a4f73,,2269,,2.986,4.437,0.133,6/20/2017 11:40,Ella,10,None,3.756,PlasmaSerum
CCL2,0.841,689,32270,,122.528,IR,0.946,1.159,1,0.206,1.232,641.472,1368.234,0.875,691,1,GnrRfuCVThreshold,10,FALSE,120.907,136.929,0.841,137.77,123.549,140.217,0.841,141.058,123.13,139.696,0.841,140.537,3,,11,Ella-15030042,29042,eb94a318-aa3d-471f-bd4a-6cc8174a4f73,,2269,,138.947,1.038,1.443,6/20/2017 11:40,Ella,11,None,139.788,PlasmaSerum
IL-6,0.82,689,32270,,98.594,IR,4.226,4.167,2,0.071,0.975,3926.232,923.313,1.052,691,1,GnrRfuCVThreshold,10,FALSE,102.819,27.103,0.82,27.922,100.039,26.409,0.82,27.229,92.924,24.628,0.82,25.448,3,,11,Ella-15030042,29042,eb94a318-aa3d-471f-bd4a-6cc8174a4f73,,2269,,26.047,4.001,1.042,6/20/2017 11:40,Ella,11,None,26.866,PlasmaSerum
TNF-a,0.792,689,32270,,3.879,IR,5.55,0.215,3,0.232,0.992,4088.067,979.289,0.602,691,1,GnrRfuCVThreshold,10,FALSE,4.083,0.854,0.792,1.646,3.974,0.838,0.792,1.629,3.581,0.778,0.792,1.57,3,,11,Ella-15030042,29042,eb94a318-aa3d-471f-bd4a-6cc8174a4f73,,2269,,0.823,3.949,0.033,6/20/2017 11:40,Ella,11,None,1.615,PlasmaSerum
VEGF-A,0.816,689,32270,,24.186,IR,3.255,0.787,4,1.568,0.972,4665.583,848.638,0.92,691,1,GnrRfuCVThreshold,10,FALSE,24.239,6.23,0.816,7.046,25.123,6.394,0.816,7.21,23.197,6.036,0.816,6.852,3,,11,Ella-15030042,29042,eb94a318-aa3d-471f-bd4a-6cc8174a4f73,,2269,,6.22,2.353,0.146,6/20/2017 11:40,Ella,11,None,7.036,PlasmaSerum
CCL2,0.755,689,32270,,0.507,OOR<,6.153,0.031,1,0.206,1.232,641.472,1368.234,0.875,691,1,GnrRfuCVThreshold,10,FALSE,0.525,0.394,0.755,1.149,0.463,0.367,0.755,1.123,0.533,0.398,0.755,1.153,3,,12,Ella-15030042,29042,eb94a318-aa3d-471f-bd4a-6cc8174a4f73,,2269,,0.387,3.513,0.014,6/20/2017 11:40,Ella,12,None,1.142,PlasmaSerum
IL-6,0.807,689,32270,,91.407,IR,6.503,5.944,2,0.071,0.975,3926.232,923.313,1.052,691,1,GnrRfuCVThreshold,10,FALSE,,,,,85.463,22.75,0.807,23.556,97.352,25.738,0.807,26.544,2,,12,Ella-15030042,29042,eb94a318-aa3d-471f-bd4a-6cc8174a4f73,,2269,,24.244,6.163,1.494,6/20/2017 11:40,Ella,12,None,25.05,PlasmaSerum
TNF-a,0.761,689,32270,,1.113,OOR<,5.114,0.057,3,0.232,0.992,4088.067,979.289,0.602,691,1,GnrRfuCVThreshold,10,FALSE,1.179,0.414,0.761,1.175,1.118,0.405,0.761,1.165,1.04,0.393,0.761,1.153,3,,12,Ella-15030042,29042,eb94a318-aa3d-471f-bd4a-6cc8174a4f73,,2269,,0.404,2.152,0.009,6/20/2017 11:40,Ella,12,None,1.164,PlasmaSerum
VEGF-A,0.742,689,32270,,4.364,IR,15.632,0.682,4,1.568,0.972,4665.583,848.638,0.92,691,1,GnrRfuCVThreshold,10,FALSE,3.409,2.264,0.742,3.005,4.963,2.57,0.742,3.312,4.719,2.522,0.742,3.264,3,,12,Ella-15030042,29042,eb94a318-aa3d-471f-bd4a-6cc8174a4f73,,2269,,2.452,5.485,0.134,6/20/2017 11:40,Ella,12,None,3.194,PlasmaSerum
CCL2,0.879,689,32270,,170.568,IR,1.02,1.74,1,0.206,1.232,641.472,1368.234,0.875,691,1,GnrRfuCVThreshold,10,FALSE,168.828,195.912,0.879,196.792,,,,,172.308,200.121,0.879,201.001,2,,13,Ella-15030042,29042,eb94a318-aa3d-471f-bd4a-6cc8174a4f73,,2269,,198.017,1.063,2.105,6/20/2017 11:40,Ella,13,None,198.896,PlasmaSerum
IL-6,0.796,689,32270,,4.488,IR,4.076,0.183,2,0.071,0.975,3926.232,923.313,1.052,691,1,GnrRfuCVThreshold,10,FALSE,4.414,1.361,0.796,2.157,4.739,1.453,0.796,2.25,4.31,1.331,0.796,2.127,3,,13,Ella-15030042,29042,eb94a318-aa3d-471f-bd4a-6cc8174a4f73,,2269,,1.382,3.764,0.052,6/20/2017 11:40,Ella,13,None,2.178,PlasmaSerum
TNF-a,0.804,689,32270,,11.643,IR,1.763,0.205,3,0.232,0.992,4088.067,979.289,0.602,691,1,GnrRfuCVThreshold,10,FALSE,11.799,2.011,0.804,2.815,11.778,2.008,0.804,2.812,11.353,1.944,0.804,2.749,3,,13,Ella-15030042,29042,eb94a318-aa3d-471f-bd4a-6cc8174a4f73,,2269,,1.988,1.541,0.031,6/20/2017 11:40,Ella,13,None,2.792,PlasmaSerum
VEGF-A,0.799,689,32270,,79.804,IR,4.948,3.949,4,1.568,0.972,4665.583,848.638,0.92,691,1,GnrRfuCVThreshold,10,FALSE,85.019,17.141,0.799,17.94,78.925,16.074,0.799,16.873,75.468,15.467,0.799,16.266,3,,13,Ella-15030042,29042,eb94a318-aa3d-471f-bd4a-6cc8174a4f73,,2269,,16.228,4.265,0.692,6/20/2017 11:40,Ella,13,None,17.026,PlasmaSerum
CCL2,0.755,689,32270,,0.54,OOR<,7.434,0.04,1,0.206,1.232,641.472,1368.234,0.875,691,1,GnrRfuCVThreshold,10,FALSE,0.584,0.421,0.755,1.176,0.548,0.404,0.755,1.16,0.487,0.378,0.755,1.133,3,,14,Ella-15030042,29042,eb94a318-aa3d-471f-bd4a-6cc8174a4f73,,2269,,0.401,4.428,0.018,6/20/2017 11:40,Ella,14,None,1.156,PlasmaSerum
IL-6,0.758,689,32270,,0.328,IR,0.958,0.003,2,0.071,0.975,3926.232,923.313,1.052,691,1,GnrRfuCVThreshold,10,FALSE,0.331,0.175,0.758,0.933,,,,,0.325,0.173,0.758,0.931,2,,14,Ella-15030042,29042,eb94a318-aa3d-471f-bd4a-6cc8174a4f73,,2269,,0.174,0.551,0.001,6/20/2017 11:40,Ella,14,None,0.932,PlasmaSerum
TNF-a,0.775,689,32270,,0.938,OOR<,15.611,0.146,3,0.232,0.992,4088.067,979.289,0.602,691,1,GnrRfuCVThreshold,10,FALSE,0.79,0.354,0.775,1.13,0.886,0.369,0.775,1.144,1.137,0.408,0.775,1.183,3,,14,Ella-15030042,29042,eb94a318-aa3d-471f-bd4a-6cc8174a4f73,,2269,,0.377,5.937,0.022,6/20/2017 11:40,Ella,14,None,1.152,PlasmaSerum
VEGF-A,0.788,689,32270,,4.51,IR,6.565,0.296,4,1.568,0.972,4665.583,848.638,0.92,691,1,GnrRfuCVThreshold,10,FALSE,4.103,2.401,0.788,3.189,4.627,2.504,0.788,3.292,4.8,2.538,0.788,3.326,3,,14,Ella-15030042,29042,eb94a318-aa3d-471f-bd4a-6cc8174a4f73,,2269,,2.481,2.348,0.058,6/20/2017 11:40,Ella,14,None,3.269,PlasmaSerum
CCL2,0.952,689,32270,,449.735,IR,3.098,13.935,1,0.206,1.232,641.472,1368.234,0.875,691,1,GnrRfuCVThreshold,10,FALSE,469.222,499.384,0.952,500.336,442.534,477.379,0.952,478.332,437.449,473.086,0.952,474.039,3,,15,Ella-15030042,29042,eb94a318-aa3d-471f-bd4a-6cc8174a4f73,,2269,,483.283,2.383,11.519,6/20/2017 11:40,Ella,15,None,484.236,PlasmaSerum
IL-6,1.663,689,32270,,3796.264,OOR>,4.99,189.434,2,0.071,0.975,3926.232,923.313,1.052,691,1,GnrRfuCVThreshold,10,FALSE,3793.708,470.138,1.663,471.8,3565.545,455.962,1.663,457.625,4029.539,483.914,1.663,485.576,3,,15,Ella-15030042,29042,eb94a318-aa3d-471f-bd4a-6cc8174a4f73,,2269,,470.005,2.428,11.412,6/20/2017 11:40,Ella,15,None,471.667,PlasmaSerum
TNF-a,0.852,689,32270,,1683.679,IR,2.681,45.135,3,0.232,0.992,4088.067,979.289,0.602,691,1,GnrRfuCVThreshold,10,FALSE,1746.581,189.831,0.852,190.683,1642.828,181.291,0.852,182.143,1661.63,182.857,0.852,183.709,3,,15,Ella-15030042,29042,eb94a318-aa3d-471f-bd4a-6cc8174a4f73,,2269,,184.66,2.01,3.712,6/20/2017 11:40,Ella,15,None,185.512,PlasmaSerum
VEGF-A,1.044,689,32270,,4352.849,IR,5.07,220.689,4,1.568,0.972,4665.583,848.638,0.92,691,1,GnrRfuCVThreshold,10,FALSE,4653.483,400.307,1.044,401.351,4275.125,383.375,1.044,384.418,4129.939,376.505,1.044,377.549,3,,15,Ella-15030042,29042,eb94a318-aa3d-471f-bd4a-6cc8174a4f73,,2269,,386.729,2.586,10.002,6/20/2017 11:40,Ella,15,None,387.772,PlasmaSerum
CCL2,0.776,689,32270,,9.24,IR,1.374,0.127,1,0.206,1.232,641.472,1368.234,0.875,691,1,GnrRfuCVThreshold,10,FALSE,9.209,6.585,0.776,7.36,9.409,6.755,0.776,7.531,9.103,6.495,0.776,7.27,3,,16,Ella-15030042,29042,eb94a318-aa3d-471f-bd4a-6cc8174a4f73,,2269,,6.611,1.633,0.108,6/20/2017 11:40,Ella,16,None,7.387,PlasmaSerum
IL-6,0.784,689,32270,,82.577,IR,2.297,1.896,2,0.071,0.975,3926.232,923.313,1.052,691,1,GnrRfuCVThreshold,10,FALSE,84.526,22.513,0.784,23.297,80.007,21.368,0.784,22.152,83.198,22.177,0.784,22.961,3,,16,Ella-15030042,29042,eb94a318-aa3d-471f-bd4a-6cc8174a4f73,,2269,,22.019,2.182,0.48,6/20/2017 11:40,Ella,16,None,22.803,PlasmaSerum
TNF-a,0.76,689,32270,,40.075,IR,1.179,0.473,3,0.232,0.992,4088.067,979.289,0.602,691,1,GnrRfuCVThreshold,10,FALSE,40.295,6.211,0.76,6.971,40.511,6.243,0.76,7.002,39.418,6.083,0.76,6.843,3,,16,Ella-15030042,29042,eb94a318-aa3d-471f-bd4a-6cc8174a4f73,,2269,,6.179,1.117,0.069,6/20/2017 11:40,Ella,16,None,6.939,PlasmaSerum
VEGF-A,0.812,689,32270,,63.982,IR,2.044,1.307,4,1.568,0.972,4665.583,848.638,0.92,691,1,GnrRfuCVThreshold,10,FALSE,64.006,13.441,0.812,14.252,65.571,13.718,0.812,14.53,62.369,13.149,0.812,13.961,3,,16,Ella-15030042,29042,eb94a318-aa3d-471f-bd4a-6cc8174a4f73,,2269,,13.436,1.729,0.232,6/20/2017 11:40,Ella,16,None,14.248,PlasmaSerum
