CartridgeId,RunDate,LotNumber,KitId,ChannelNumber,Sample,AnalyteName,InletNumber,DilutionFactor,CalculatedConcentration,CalculatedConcentrationInRange,CalculatedConcentrationPercentCV,CalculatedConcentrationStdDev,RFU,Gnr1RFU,Gnr2RFU,Gnr3RFU,RFUPercentCV,RFUStdDev,KitGuid,InstrumentName,Gnr1CalculatedConcentration,Gnr2CalculatedConcentration,Gnr3CalculatedConcentration,KnownConcentration,PercentRecovery,Signal,CurveCoefficientA,CurveCoefficientB,CurveCoefficientC,CurveCoefficientD,CurveCoefficientG,SampleType,Background,BufferId,CartridgeComments,DiluentId,Gnr1Background,Gnr1Signal,Gnr2Background,Gnr2Signal,Gnr3Background,Gnr3Signal,GnrCount,GnrFilter,GnrFilterCVPercentThreshold,InletComment,IsSampleStdDev,RunUserName,SpecimenTypes
34146,7/12/2017 17:56,2411,35290,1,4837,CXCL10,1,2,28.504,IR,2.269,0.647,10.958,11.318,10.65,10.905,2.514,0.275,1d678bb5-de42-4aba-b621-36525c6270f9,Ella-16030076,29.351,27.781,28.381,,,11.427,0.101,1.127,913.749,1686.549,0.704,Unknown,0.47,689,,726,0.47,11.788,0.47,11.119,0.47,11.374,3,GnrRfuCVThreshold,10,,FALSE,Ella,PlasmaSerum
34146,7/12/2017 17:56,2411,35290,2,4837,IFNg,1,2,9.147,IR,5.839,0.534,1.906,1.972,1.978,1.769,5.099,0.097,1d678bb5-de42-4aba-b621-36525c6270f9,Ella-16030076,9.509,9.54,8.392,,,2.357,0.266,1.016,4577.497,2565.177,0.714,Unknown,0.451,689,,726,0.451,2.423,0.451,2.429,0.451,2.22,3,GnrRfuCVThreshold,10,,FALSE,Ella,PlasmaSerum
34146,7/12/2017 17:56,2411,35290,3,4837,IL-6,1,2,4.436,IR,3.983,0.177,0.656,0.624,0.675,0.67,3.551,0.023,1d678bb5-de42-4aba-b621-36525c6270f9,Ella-16030076,4.187,4.58,4.542,,,1.105,0.061,0.984,3449.682,1126.02,0.73,Unknown,0.449,689,,726,0.449,1.072,0.449,1.124,0.449,1.119,3,GnrRfuCVThreshold,10,,FALSE,Ella,PlasmaSerum
34146,7/12/2017 17:56,2411,35290,4,4837,IL-8,1,2,54.939,IR,1.034,0.568,26.687,27.056,26.623,26.383,1.044,0.279,1d678bb5-de42-4aba-b621-36525c6270f9,Ella-16030076,55.69,54.809,54.318,,,27.149,0.091,1.022,2954.145,2878.453,1.112,Unknown,0.462,689,,726,0.462,27.518,0.462,27.085,0.462,26.845,3,GnrRfuCVThreshold,10,,FALSE,Ella,PlasmaSerum
34146,7/12/2017 17:56,2411,35290,1,90459,CXCL10,2,2,129.251,IR,2.784,3.599,57.706,60.147,56.296,56.674,3.003,1.733,1d678bb5-de42-4aba-b621-36525c6270f9,Ella-16030076,134.32,126.323,127.109,,,58.164,0.101,1.127,913.749,1686.549,0.704,Unknown,0.458,689,,726,0.458,60.605,0.458,56.754,0.458,57.132,3,GnrRfuCVThreshold,10,,FALSE,Ella,PlasmaSerum
34146,7/12/2017 17:56,2411,35290,2,90459,IFNg,2,2,18.185,IR,10.552,1.919,3.56,3.795,3.062,3.823,9.897,0.352,1d678bb5-de42-4aba-b621-36525c6270f9,Ella-16030076,19.464,15.473,19.619,,,4.013,0.266,1.016,4577.497,2565.177,0.714,Unknown,0.453,689,,726,0.453,4.247,0.453,3.515,0.453,4.276,3,GnrRfuCVThreshold,10,,FALSE,Ella,PlasmaSerum
34146,7/12/2017 17:56,2411,35290,3,90459,IL-6,2,2,8.374,IR,0.514,0.043,1.172,1.167,,1.178,0.478,0.006,1d678bb5-de42-4aba-b621-36525c6270f9,Ella-16030076,8.331,,8.417,,,1.621,0.061,0.984,3449.682,1126.02,0.73,Unknown,0.449,689,,726,0.449,1.615,,,0.449,1.627,2,GnrRfuCVThreshold,10,,FALSE,Ella,PlasmaSerum
34146,7/12/2017 17:56,2411,35290,4,90459,IL-8,2,2,215.198,IR,3.288,7.075,104.691,106.085,100.014,107.974,3.243,3.396,1d678bb5-de42-4aba-b621-36525c6270f9,Ella-16030076,218.099,205.455,222.041,,,105.155,0.091,1.022,2954.145,2878.453,1.112,Unknown,0.464,689,,726,0.464,106.549,0.464,100.478,0.464,108.438,3,GnrRfuCVThreshold,10,,FALSE,Ella,PlasmaSerum
34146,7/12/2017 17:56,2411,35290,1,89822,CXCL10,3,2,478.594,IR,0.603,2.885,221.4,221.057,223.097,220.047,0.573,1.268,1d678bb5-de42-4aba-b621-36525c6270f9,Ella-16030076,477.812,482.452,475.516,,,221.866,0.101,1.127,913.749,1686.549,0.704,Unknown,0.465,689,,726,0.465,221.523,0.465,223.562,0.465,220.512,3,GnrRfuCVThreshold,10,,FALSE,Ella,PlasmaSerum
34146,7/12/2017 17:56,2411,35290,2,89822,IFNg,3,2,5.565,IR,2.195,0.122,1.256,1.226,1.277,1.265,1.757,0.022,1d678bb5-de42-4aba-b621-36525c6270f9,Ella-16030076,5.396,5.682,5.616,,,1.712,0.266,1.016,4577.497,2565.177,0.714,Unknown,0.456,689,,726,0.456,1.681,0.456,1.733,0.456,1.721,3,GnrRfuCVThreshold,10,,FALSE,Ella,PlasmaSerum
34146,7/12/2017 17:56,2411,35290,3,89822,IL-6,3,2,25.032,IR,1.323,0.331,3.317,3.355,3.338,3.258,1.273,0.042,1d678bb5-de42-4aba-b621-36525c6270f9,Ella-16030076,25.331,25.195,24.571,,,3.773,0.061,0.984,3449.682,1126.02,0.73,Unknown,0.457,689,,726,0.457,3.811,0.457,3.794,0.457,3.714,3,GnrRfuCVThreshold,10,,FALSE,Ella,PlasmaSerum
34146,7/12/2017 17:56,2411,35290,4,89822,IL-8,3,2,234.787,IR,0.782,1.837,114.07,115.272,113.203,113.734,0.769,0.877,1d678bb5-de42-4aba-b621-36525c6270f9,Ella-16030076,237.304,232.972,234.084,,,114.535,0.091,1.022,2954.145,2878.453,1.112,Unknown,0.465,689,,726,0.465,115.737,0.465,113.668,0.465,114.2,3,GnrRfuCVThreshold,10,,FALSE,Ella,PlasmaSerum
34146,7/12/2017 17:56,2411,35290,1,85072,CXCL10,4,2,147.517,IR,4.794,7.072,66.518,71.328,64.534,63.692,5.139,3.418,1d678bb5-de42-4aba-b621-36525c6270f9,Ella-16030076,157.468,143.413,141.669,,,66.971,0.101,1.127,913.749,1686.549,0.704,Unknown,0.453,689,,726,0.453,71.781,0.453,64.987,0.453,64.145,3,GnrRfuCVThreshold,10,,FALSE,Ella,PlasmaSerum
34146,7/12/2017 17:56,2411,35290,2,85072,IFNg,4,2,7.96,IR,4.865,0.387,1.69,1.728,1.751,1.592,4.161,0.07,1d678bb5-de42-4aba-b621-36525c6270f9,Ella-16030076,8.169,8.294,7.417,,,2.141,0.266,1.016,4577.497,2565.177,0.714,Unknown,0.45,689,,726,0.45,2.179,0.45,2.201,0.45,2.042,3,GnrRfuCVThreshold,10,,FALSE,Ella,PlasmaSerum
34146,7/12/2017 17:56,2411,35290,3,85072,IL-6,4,2,8.118,IR,6.105,0.496,1.139,1.22,1.136,1.061,5.677,0.065,1d678bb5-de42-4aba-b621-36525c6270f9,Ella-16030076,8.736,8.093,7.523,,,1.594,0.061,0.984,3449.682,1126.02,0.73,Unknown,0.455,689,,726,0.455,1.674,0.455,1.591,0.455,1.516,3,GnrRfuCVThreshold,10,,FALSE,Ella,PlasmaSerum
34146,7/12/2017 17:56,2411,35290,4,85072,IL-8,4,2,63.578,IR,1.569,0.998,30.926,30.864,30.36,31.555,1.583,0.49,1d678bb5-de42-4aba-b621-36525c6270f9,Ella-16030076,63.451,62.425,64.859,,,31.395,0.091,1.022,2954.145,2878.453,1.112,Unknown,0.468,689,,726,0.468,31.332,0.468,30.829,0.468,32.023,3,GnrRfuCVThreshold,10,,FALSE,Ella,PlasmaSerum
34146,7/12/2017 17:56,2411,35290,1,85623,CXCL10,5,2,98.833,IR,2.304,2.277,43.14,44.599,42.812,42.008,2.511,1.083,1d678bb5-de42-4aba-b621-36525c6270f9,Ella-16030076,101.901,98.145,96.452,,,43.605,0.101,1.127,913.749,1686.549,0.704,Unknown,0.465,689,,726,0.465,45.065,0.465,43.277,0.465,42.473,3,GnrRfuCVThreshold,10,,FALSE,Ella,PlasmaSerum
34146,7/12/2017 17:56,2411,35290,2,85623,IFNg,5,2,16.352,IR,3.564,0.583,3.223,3.372,3.125,3.173,3.318,0.107,1d678bb5-de42-4aba-b621-36525c6270f9,Ella-16030076,17.163,15.816,16.078,,,3.679,0.266,1.016,4577.497,2565.177,0.714,Unknown,0.456,689,,726,0.456,3.828,0.456,3.581,0.456,3.629,3,GnrRfuCVThreshold,10,,FALSE,Ella,PlasmaSerum
34146,7/12/2017 17:56,2411,35290,3,85623,IL-6,5,2,12.232,IR,10.293,1.259,1.673,1.547,1.57,1.903,9.733,0.163,1d678bb5-de42-4aba-b621-36525c6270f9,Ella-16030076,11.253,11.433,14.009,,,2.128,0.061,0.984,3449.682,1126.02,0.73,Unknown,0.454,689,,726,0.454,2.001,0.454,2.024,0.454,2.357,3,GnrRfuCVThreshold,10,,FALSE,Ella,PlasmaSerum
34146,7/12/2017 17:56,2411,35290,4,85623,IL-8,5,2,64.929,IR,0.954,0.62,31.589,31.922,31.187,31.659,0.963,0.304,1d678bb5-de42-4aba-b621-36525c6270f9,Ella-16030076,65.608,64.11,65.07,,,32.058,0.091,1.022,2954.145,2878.453,1.112,Unknown,0.468,689,,726,0.468,32.391,0.468,31.656,0.468,32.127,3,GnrRfuCVThreshold,10,,FALSE,Ella,PlasmaSerum
34146,7/12/2017 17:56,2411,35290,1,91090,CXCL10,6,2,391.552,IR,5.125,20.066,182.328,194.299,172.064,180.622,5.023,9.157,1d678bb5-de42-4aba-b621-36525c6270f9,Ella-16030076,417.812,369.107,387.736,,,182.801,0.101,1.127,913.749,1686.549,0.704,Unknown,0.473,689,,726,0.473,194.772,0.473,172.537,0.473,181.094,3,GnrRfuCVThreshold,10,,FALSE,Ella,PlasmaSerum
34146,7/12/2017 17:56,2411,35290,2,91090,IFNg,6,2,6.146,IR,0.398,0.024,1.361,,1.366,1.357,0.325,0.004,1d678bb5-de42-4aba-b621-36525c6270f9,Ella-16030076,,6.17,6.121,,,1.826,0.266,1.016,4577.497,2565.177,0.714,Unknown,0.465,689,,726,,,0.465,1.83,0.465,1.822,2,GnrRfuCVThreshold,10,,FALSE,Ella,PlasmaSerum
34146,7/12/2017 17:56,2411,35290,3,91090,IL-6,6,2,857.721,IR,1.946,16.694,95.212,96.52,96.223,92.894,1.726,1.644,1d678bb5-de42-4aba-b621-36525c6270f9,Ella-16030076,871.004,867.983,834.177,,,95.684,0.061,0.984,3449.682,1126.02,0.73,Unknown,0.471,689,,726,0.471,96.991,0.471,96.695,0.471,93.366,3,GnrRfuCVThreshold,10,,FALSE,Ella,PlasmaSerum
34146,7/12/2017 17:56,2411,35290,4,91090,IL-8,6,2,5922.516,OOR>,6.074,359.705,1547.507,1589.383,1481.939,1571.2,3.034,46.954,1d678bb5-de42-4aba-b621-36525c6270f9,Ella-16030076,6247.583,5421.117,6098.849,,,1548.012,0.091,1.022,2954.145,2878.453,1.112,Unknown,0.504,689,,726,0.504,1589.887,0.504,1482.444,0.504,1571.705,3,GnrRfuCVThreshold,10,,FALSE,Ella,PlasmaSerum
34146,7/12/2017 17:56,2411,35290,1,85075,CXCL10,7,2,430.814,IR,1.84,7.928,200.152,203.177,195.144,202.136,1.782,3.567,1d678bb5-de42-4aba-b621-36525c6270f9,Ella-16030076,437.541,419.683,435.219,,,200.631,0.101,1.127,913.749,1686.549,0.704,Unknown,0.479,689,,726,0.479,203.655,0.479,195.623,0.479,202.614,3,GnrRfuCVThreshold,10,,FALSE,Ella,PlasmaSerum
34146,7/12/2017 17:56,2411,35290,2,85075,IFNg,7,2,42.484,IR,1.592,0.676,8.048,8.173,7.923,,1.558,0.125,1d678bb5-de42-4aba-b621-36525c6270f9,Ella-16030076,43.16,41.807,,,,8.512,0.266,1.016,4577.497,2565.177,0.714,Unknown,0.464,689,,726,0.464,8.638,0.464,8.387,,,2,GnrRfuCVThreshold,10,,FALSE,Ella,PlasmaSerum
34146,7/12/2017 17:56,2411,35290,3,85075,IL-6,7,2,5.505,IR,8.027,0.442,0.797,0.751,0.879,0.761,7.281,0.058,1d678bb5-de42-4aba-b621-36525c6270f9,Ella-16030076,5.152,6.128,5.234,,,1.263,0.061,0.984,3449.682,1126.02,0.73,Unknown,0.466,689,,726,0.466,1.216,0.466,1.344,0.466,1.227,3,GnrRfuCVThreshold,10,,FALSE,Ella,PlasmaSerum
34146,7/12/2017 17:56,2411,35290,4,85075,IL-8,7,2,48.795,IR,2.836,1.384,23.674,23.93,22.746,24.347,2.865,0.678,1d678bb5-de42-4aba-b621-36525c6270f9,Ella-16030076,49.317,46.9,50.166,,,24.17,0.091,1.022,2954.145,2878.453,1.112,Unknown,0.496,689,,726,0.496,24.427,0.496,23.242,0.496,24.843,3,GnrRfuCVThreshold,10,,FALSE,Ella,PlasmaSerum
34146,7/12/2017 17:56,2411,35290,1,90725,CXCL10,8,2,210.767,IR,0.676,1.425,97.108,96.419,,97.796,0.709,0.688,1d678bb5-de42-4aba-b621-36525c6270f9,Ella-16030076,209.342,,212.192,,,97.579,0.101,1.127,913.749,1686.549,0.704,Unknown,0.472,689,,726,0.472,96.891,,,0.472,98.267,2,GnrRfuCVThreshold,10,,FALSE,Ella,PlasmaSerum
34146,7/12/2017 17:56,2411,35290,2,90725,IFNg,8,2,6.282,IR,0.251,0.016,1.386,1.384,1.383,1.39,0.206,0.003,1d678bb5-de42-4aba-b621-36525c6270f9,Ella-16030076,6.274,6.268,6.304,,,1.846,0.266,1.016,4577.497,2565.177,0.714,Unknown,0.46,689,,726,0.46,1.844,0.46,1.843,0.46,1.85,3,GnrRfuCVThreshold,10,,FALSE,Ella,PlasmaSerum
34146,7/12/2017 17:56,2411,35290,3,90725,IL-6,8,2,19.777,IR,7.476,1.479,2.645,2.802,2.378,2.754,7.169,0.19,1d678bb5-de42-4aba-b621-36525c6270f9,Ella-16030076,21.006,17.698,20.628,,,3.116,0.061,0.984,3449.682,1126.02,0.73,Unknown,0.471,689,,726,0.471,3.273,0.471,2.849,0.471,3.225,3,GnrRfuCVThreshold,10,,FALSE,Ella,PlasmaSerum
34146,7/12/2017 17:56,2411,35290,4,90725,IL-8,8,2,135.548,IR,2.653,3.597,66.162,68.052,63.828,66.607,2.65,1.753,1d678bb5-de42-4aba-b621-36525c6270f9,Ella-16030076,139.426,130.759,136.459,,,66.642,0.091,1.022,2954.145,2878.453,1.112,Unknown,0.48,689,,726,0.48,68.533,0.48,64.308,0.48,67.087,3,GnrRfuCVThreshold,10,,FALSE,Ella,PlasmaSerum
34146,7/12/2017 17:56,2411,35290,1,90651,CXCL10,9,2,327.172,IR,5.582,18.264,152.547,163.141,142.198,152.302,5.606,8.552,1d678bb5-de42-4aba-b621-36525c6270f9,Ella-16030076,349.826,305.101,326.59,,,161.787,0.101,1.127,913.749,1686.549,0.704,Unknown,9.24,689,,726,9.24,172.381,9.24,151.438,9.24,161.542,3,GnrRfuCVThreshold,10,,FALSE,Ella,PlasmaSerum
34146,7/12/2017 17:56,2411,35290,2,90651,IFNg,9,2,199.414,IR,1.18,2.353,37.184,,36.749,37.618,1.169,0.435,1d678bb5-de42-4aba-b621-36525c6270f9,Ella-16030076,,197.062,201.767,,,45.831,0.266,1.016,4577.497,2565.177,0.714,Unknown,8.647,689,,726,,,8.647,45.396,8.647,46.265,2,GnrRfuCVThreshold,10,,FALSE,Ella,PlasmaSerum
34146,7/12/2017 17:56,2411,35290,3,90651,IL-6,9,2,423.808,IR,6.766,28.673,50.094,,46.938,53.251,6.301,3.156,1d678bb5-de42-4aba-b621-36525c6270f9,Ella-16030076,,395.135,452.482,,,57.666,0.061,0.984,3449.682,1126.02,0.73,Unknown,7.572,689,,726,,,7.572,54.51,7.572,60.823,2,GnrRfuCVThreshold,10,,FALSE,Ella,PlasmaSerum
34146,7/12/2017 17:56,2411,35290,4,90651,IL-8,9,2,6542.693,OOR>,5.551,363.193,1622.803,1670.393,1629.751,1568.266,2.587,41.982,1d678bb5-de42-4aba-b621-36525c6270f9,Ella-16030076,6960.706,6592.167,6075.206,,,1635.662,0.091,1.022,2954.145,2878.453,1.112,Unknown,12.859,689,,726,12.859,1683.252,12.859,1642.61,12.859,1581.125,3,GnrRfuCVThreshold,10,,FALSE,Ella,PlasmaSerum
34146,7/12/2017 17:56,2411,35290,1,83327,CXCL10,10,2,85.521,IR,4.208,3.599,36.839,39.239,35.627,35.649,4.608,1.697,1d678bb5-de42-4aba-b621-36525c6270f9,Ella-16030076,90.61,82.953,83,,,37.305,0.101,1.127,913.749,1686.549,0.704,Unknown,0.466,689,,726,0.466,39.705,0.466,36.093,0.466,36.115,3,GnrRfuCVThreshold,10,,FALSE,Ella,PlasmaSerum
34146,7/12/2017 17:56,2411,35290,2,83327,IFNg,10,2,11.21,IR,3.1,0.347,2.282,2.359,2.204,2.283,2.779,0.063,1d678bb5-de42-4aba-b621-36525c6270f9,Ella-16030076,11.633,10.782,11.214,,,2.735,0.266,1.016,4577.497,2565.177,0.714,Unknown,0.453,689,,726,0.453,2.812,0.453,2.657,0.453,2.736,3,GnrRfuCVThreshold,10,,FALSE,Ella,PlasmaSerum
34146,7/12/2017 17:56,2411,35290,3,83327,IL-6,10,2,130.033,IR,4.828,6.277,16.299,,17.057,15.541,4.651,0.758,1d678bb5-de42-4aba-b621-36525c6270f9,Ella-16030076,,136.31,123.756,,,16.759,0.061,0.984,3449.682,1126.02,0.73,Unknown,0.46,689,,726,,,0.46,17.517,0.46,16.001,2,GnrRfuCVThreshold,10,,FALSE,Ella,PlasmaSerum
34146,7/12/2017 17:56,2411,35290,4,83327,IL-8,10,2,500.32,IR,1.731,8.658,236.689,242.138,234.091,233.837,1.629,3.855,1d678bb5-de42-4aba-b621-36525c6270f9,Ella-16030076,512.56,494.485,493.915,,,237.187,0.091,1.022,2954.145,2878.453,1.112,Unknown,0.498,689,,726,0.498,242.636,0.498,234.589,0.498,234.335,3,GnrRfuCVThreshold,10,,FALSE,Ella,PlasmaSerum
34146,7/12/2017 17:56,2411,35290,1,90058,CXCL10,11,2,138.168,IR,1.741,2.406,62.003,63.633,61.356,61.019,1.873,1.161,1d678bb5-de42-4aba-b621-36525c6270f9,Ella-16030076,141.547,136.827,136.13,,,62.453,0.101,1.127,913.749,1686.549,0.704,Unknown,0.45,689,,726,0.45,64.083,0.45,61.806,0.45,61.47,3,GnrRfuCVThreshold,10,,FALSE,Ella,PlasmaSerum
34146,7/12/2017 17:56,2411,35290,2,90058,IFNg,11,2,13.761,IR,5.449,0.75,2.748,2.559,2.881,2.805,4.992,0.137,1d678bb5-de42-4aba-b621-36525c6270f9,Ella-16030076,12.728,14.484,14.07,,,3.185,0.266,1.016,4577.497,2565.177,0.714,Unknown,0.437,689,,726,0.437,2.996,0.437,3.317,0.437,3.242,3,GnrRfuCVThreshold,10,,FALSE,Ella,PlasmaSerum
34146,7/12/2017 17:56,2411,35290,3,90058,IL-6,11,2,11.774,IR,6.172,0.727,1.614,1.591,1.739,1.512,5.83,0.094,1d678bb5-de42-4aba-b621-36525c6270f9,Ella-16030076,11.597,12.74,10.987,,,2.055,0.061,0.984,3449.682,1126.02,0.73,Unknown,0.441,689,,726,0.441,2.032,0.441,2.18,0.441,1.953,3,GnrRfuCVThreshold,10,,FALSE,Ella,PlasmaSerum
34146,7/12/2017 17:56,2411,35290,4,90058,IL-8,11,2,55.594,IR,3.32,1.845,27.009,27.924,27.327,25.776,3.352,0.905,1d678bb5-de42-4aba-b621-36525c6270f9,Ella-16030076,57.46,56.243,53.081,,,27.491,0.091,1.022,2954.145,2878.453,1.112,Unknown,0.482,689,,726,0.482,28.406,0.482,27.809,0.482,26.258,3,GnrRfuCVThreshold,10,,FALSE,Ella,PlasmaSerum
34146,7/12/2017 17:56,2411,35290,1,91445,CXCL10,12,2,271.956,IR,2.915,7.927,126.474,131.777,124.348,123.295,2.985,3.775,1d678bb5-de42-4aba-b621-36525c6270f9,Ella-16030076,283.093,267.491,265.284,,,126.945,0.101,1.127,913.749,1686.549,0.704,Unknown,0.471,689,,726,0.471,132.248,0.471,124.819,0.471,123.766,3,GnrRfuCVThreshold,10,,FALSE,Ella,PlasmaSerum
34146,7/12/2017 17:56,2411,35290,2,91445,IFNg,12,2,10.918,IR,2.53,0.276,2.229,2.196,2.191,2.3,2.262,0.05,1d678bb5-de42-4aba-b621-36525c6270f9,Ella-16030076,10.736,10.71,11.309,,,2.706,0.266,1.016,4577.497,2565.177,0.714,Unknown,0.477,689,,726,0.477,2.672,0.477,2.668,0.477,2.777,3,GnrRfuCVThreshold,10,,FALSE,Ella,PlasmaSerum
34146,7/12/2017 17:56,2411,35290,3,91445,IL-6,12,2,163.98,IR,1.063,1.744,20.373,,20.165,20.581,1.021,0.208,1d678bb5-de42-4aba-b621-36525c6270f9,Ella-16030076,,162.236,165.724,,,20.845,0.061,0.984,3449.682,1126.02,0.73,Unknown,0.472,689,,726,,,0.472,20.637,0.472,21.053,2,GnrRfuCVThreshold,10,,FALSE,Ella,PlasmaSerum
34146,7/12/2017 17:56,2411,35290,4,91445,IL-8,12,2,1039.363,IR,4.714,48.997,459.507,440.377,453.24,484.903,4.072,18.71,1d678bb5-de42-4aba-b621-36525c6270f9,Ella-16030076,989.44,1022.709,1105.939,,,460.043,0.091,1.022,2954.145,2878.453,1.112,Unknown,0.537,689,,726,0.537,440.913,0.537,453.777,0.537,485.44,3,GnrRfuCVThreshold,10,,FALSE,Ella,PlasmaSerum
34146,7/12/2017 17:56,2411,35290,1,91233,CXCL10,13,2,332.682,IR,3.6,11.977,155.14,158.547,159.637,147.236,3.614,5.607,1d678bb5-de42-4aba-b621-36525c6270f9,Ella-16030076,339.955,342.295,315.798,,,155.639,0.101,1.127,913.749,1686.549,0.704,Unknown,0.499,689,,726,0.499,159.046,0.499,160.136,0.499,147.735,3,GnrRfuCVThreshold,10,,FALSE,Ella,PlasmaSerum
34146,7/12/2017 17:56,2411,35290,2,91233,IFNg,13,2,16.472,IR,0.864,0.142,3.245,3.223,3.282,3.23,0.805,0.026,1d678bb5-de42-4aba-b621-36525c6270f9,Ella-16030076,16.352,16.672,16.392,,,3.691,0.266,1.016,4577.497,2565.177,0.714,Unknown,0.446,689,,726,0.446,3.669,0.446,3.728,0.446,3.676,3,GnrRfuCVThreshold,10,,FALSE,Ella,PlasmaSerum
34146,7/12/2017 17:56,2411,35290,3,91233,IL-6,13,2,22.594,IR,6.812,1.539,3.005,2.775,2.986,3.255,6.544,0.197,1d678bb5-de42-4aba-b621-36525c6270f9,Ella-16030076,20.79,22.443,24.55,,,3.452,0.061,0.984,3449.682,1126.02,0.73,Unknown,0.447,689,,726,0.447,3.222,0.447,3.433,0.447,3.702,3,GnrRfuCVThreshold,10,,FALSE,Ella,PlasmaSerum
34146,7/12/2017 17:56,2411,35290,4,91233,IL-8,13,2,215.731,IR,3.744,8.078,104.946,107.973,107.391,99.473,3.694,3.877,1d678bb5-de42-4aba-b621-36525c6270f9,Ella-16030076,222.04,220.825,204.328,,,105.42,0.091,1.022,2954.145,2878.453,1.112,Unknown,0.475,689,,726,0.475,108.448,0.475,107.866,0.475,99.948,3,GnrRfuCVThreshold,10,,FALSE,Ella,PlasmaSerum
34146,7/12/2017 17:56,2411,35290,1,90651,CXCL10,14,2,2630.258,OOR>,0.698,18.355,803.927,801.405,802.337,808.038,0.365,2.932,1d678bb5-de42-4aba-b621-36525c6270f9,Ella-16030076,2614.49,2620.284,2656,,,804.779,0.101,1.127,913.749,1686.549,0.704,Unknown,0.852,689,,726,0.852,802.257,0.852,803.189,0.852,808.89,3,GnrRfuCVThreshold,10,,FALSE,Ella,PlasmaSerum
34146,7/12/2017 17:56,2411,35290,2,90651,IFNg,14,2,9.072,IR,0.837,0.076,1.892,1.911,1.889,1.878,0.73,0.014,1d678bb5-de42-4aba-b621-36525c6270f9,Ella-16030076,9.174,9.052,8.991,,,2.354,0.266,1.016,4577.497,2565.177,0.714,Unknown,0.462,689,,726,0.462,2.373,0.462,2.351,0.462,2.34,3,GnrRfuCVThreshold,10,,FALSE,Ella,PlasmaSerum
34146,7/12/2017 17:56,2411,35290,3,90651,IL-6,14,2,81.497,IR,1.388,1.131,10.381,10.224,10.356,10.563,1.343,0.139,1d678bb5-de42-4aba-b621-36525c6270f9,Ella-16030076,80.224,81.294,82.973,,,10.85,0.061,0.984,3449.682,1126.02,0.73,Unknown,0.469,689,,726,0.469,10.693,0.469,10.825,0.469,11.032,3,GnrRfuCVThreshold,10,,FALSE,Ella,PlasmaSerum
34146,7/12/2017 17:56,2411,35290,4,90651,IL-8,14,2,3543.398,IR,2.112,74.83,1163.564,1172.291,1176.502,1141.9,1.325,15.415,1d678bb5-de42-4aba-b621-36525c6270f9,Ella-16030076,3585.569,3606.368,3438.255,,,1164.261,0.091,1.022,2954.145,2878.453,1.112,Unknown,0.696,689,,726,0.696,1172.987,0.696,1177.199,0.696,1142.597,3,GnrRfuCVThreshold,10,,FALSE,Ella,PlasmaSerum
34146,7/12/2017 17:56,2411,35290,1,Blank,CXCL10,15,2,0.363,OOR<,12.004,0.044,0.181,0.195,0.169,0.179,6.01,0.011,1d678bb5-de42-4aba-b621-36525c6270f9,Ella-16030076,0.421,0.315,0.355,,,0.629,0.101,1.127,913.749,1686.549,0.704,Unknown,0.448,689,,726,0.448,0.644,0.448,0.617,0.448,0.627,3,GnrRfuCVThreshold,10,,FALSE,Ella,PlasmaSerum
34146,7/12/2017 17:56,2411,35290,2,Blank,IFNg,15,2,0.096,OOR<,78.29,0.075,0.281,0.297,0.283,0.263,4.882,0.014,1d678bb5-de42-4aba-b621-36525c6270f9,Ella-16030076,0.184,0.105,0,,,0.734,0.266,1.016,4577.497,2565.177,0.714,Unknown,0.453,689,,726,0.453,0.75,0.453,0.736,0.453,0.716,3,GnrRfuCVThreshold,10,,FALSE,Ella,PlasmaSerum
34146,7/12/2017 17:56,2411,35290,3,Blank,IL-6,15,2,0.429,OOR<,3.07,0.013,0.121,0.123,,0.119,1.491,0.002,1d678bb5-de42-4aba-b621-36525c6270f9,Ella-16030076,0.442,,0.416,,,0.568,0.061,0.984,3449.682,1126.02,0.73,Unknown,0.447,689,,726,0.447,0.57,,,0.447,0.566,2,GnrRfuCVThreshold,10,,FALSE,Ella,PlasmaSerum
34146,7/12/2017 17:56,2411,35290,4,Blank,IL-8,15,2,0.037,OOR<,52.513,0.02,0.106,0.114,0.095,0.11,7.749,0.008,1d678bb5-de42-4aba-b621-36525c6270f9,Ella-16030076,0.055,0.01,0.046,,,0.564,0.091,1.022,2954.145,2878.453,1.112,Unknown,0.457,689,,726,0.457,0.571,0.457,0.552,0.457,0.567,3,GnrRfuCVThreshold,10,,FALSE,Ella,PlasmaSerum
34146,7/12/2017 17:56,2411,35290,1,Lo Control,CXCL10,16,1,0.218,OOR<,7.224,0.016,0.199,0.189,0.209,0.2,4.025,0.008,1d678bb5-de42-4aba-b621-36525c6270f9,Ella-16030076,0.198,0.237,0.219,1,21.816,0.661,0.101,1.127,913.749,1686.549,0.704,Control,0.461,689,,726,0.461,0.651,0.461,0.67,0.461,0.661,3,GnrRfuCVThreshold,10,,FALSE,Ella,PlasmaSerum
34146,7/12/2017 17:56,2411,35290,2,Lo Control,IFNg,16,1,65.617,IR,2.149,1.41,24.547,24.948,24.885,23.806,2.135,0.524,1d678bb5-de42-4aba-b621-36525c6270f9,Ella-16030076,66.698,66.529,63.625,57.3,114.515,25.015,0.266,1.016,4577.497,2565.177,0.714,Control,0.468,689,,726,0.468,25.416,0.468,25.353,0.468,24.274,3,GnrRfuCVThreshold,10,,FALSE,Ella,PlasmaSerum
34146,7/12/2017 17:56,2411,35290,3,Lo Control,IL-6,16,1,62.828,IR,6.277,3.944,15.769,16.456,14.419,16.434,6.057,0.955,1d678bb5-de42-4aba-b621-36525c6270f9,Ella-16030076,65.664,57.251,65.57,42.15,149.059,16.266,0.061,0.984,3449.682,1126.02,0.73,Control,0.496,689,,726,0.496,16.953,0.496,14.915,0.496,16.93,3,GnrRfuCVThreshold,10,,FALSE,Ella,PlasmaSerum
34146,7/12/2017 17:56,2411,35290,4,Lo Control,IL-8,16,1,0.134,OOR<,7.168,0.01,0.207,0.212,0.195,0.215,4.116,0.009,1d678bb5-de42-4aba-b621-36525c6270f9,Ella-16030076,0.14,0.121,0.143,1,13.435,0.682,0.091,1.022,2954.145,2878.453,1.112,Control,0.474,689,,726,0.474,0.687,0.474,0.67,0.474,0.689,3,GnrRfuCVThreshold,10,,FALSE,Ella,PlasmaSerum
