Program,xPONENT,,LX100/LX200,,,,,,,,,,
Build,3.1.971.0,,,,,,,,,,,,
Date,12/6/2016,2:07 PM,,,,,,,,,,,
,,,,,,,,,,,,,
SN,LX10014307402,,,,,,,,,,,,
Batch,11-plex 1,,,,,,,,,,,,
Version,1,,,,,,,,,,,,
Operator,,,,,,,,,,,,,
ComputerName,XPONENT31-PC,,,,,,,,,,,,
Country Code,409,,,,,,,,,,,,
ProtocolName,11-plex Dr. Grosshans,,,,,,,,,,,,
ProtocolVersion,1,,,,,,,,,,,,
ProtocolDescription,,,,,,,,,,,,,
ProtocolDevelopingCompany,R&D,,,,,,,,,,,,
SampleVolume,50 uL,,,,,,,,,,,,
DDGate,6500 to 22500,,,,,,,,,,,,
SampleTimeout,200 sec,,,,,,,,,,,,
BatchStartTime,12/6/2016 15:54,,,,,,,,,,,,
BatchStopTime,12/6/2016 17:04,,,,,,,,,,,,
BatchDescription,<None>,,,,,,,,,,,,
ProtocolPlate,Name,Current 96-well plate,Type,96,Plates,1,,,,,,,
ProtocolMicrosphere,Map,100 regions,Type,MagPlex,Count,11,,,,,,,
ProtocolAnalysis,Type,Quan,Mode,FitOfAllStandards,,,,,,,,,
NormBead,None,,,,,,,,,,,,
ProtocolHeater,Off,,,,,,,,,,,,
,,,,,,,,,,,,,
Most Recent Calibration and Control Results:,,,,,,,,,,,,,
Last MagCAL1 Calibration,Passed 12/6/2016 12:14:00 PM,,,,,,,,,,,,
Last CAL2 Calibration,Passed 12/6/2016 12:15:10 PM,,,,,,,,,,,,
Last MagCON1 Verification,Passed 12/6/2016 12:16:06 PM,,,,,,,,,,,,
Last CON2 Verification,Passed 12/6/2016 12:16:34 PM,,,,,,,,,,,,
,,,,,,,,,,,,,
CALInfo:,,,,,,,,,,,,,
Classification Calibrator Magnetic,,,,,,,,,,,,,
Lot,ExpirationDate,CalibrationTime,DDTemp,CL1Temp,CL2Temp,DDVolts,CL1Volts,CL2Volts,DDRVal,CL1RVal,CL2RVal,Result,MachineSerialNo
B55666,7/25/2018,12/6/2016 12:14,23.96,24.18,23.52,52.43,109.53,111.09,263,1025,1123,Pass,LX10014307402
Reporter Calibrator,,,,,,,,,,,,,
Lot,ExpirationDate,CalibrationTime,RP1(1)Volts,RP1(1)Val,RP1(2)Volts,RP1(2)Val,Result,MachineSerialNo,,,,,
B55510,7/19/2018,12/6/2016 12:15,546.76,3656.16,668.38,16641.56,Pass,LX10014307402,,,,,
,,,,,,,,,,,,,
AssayLotInfo:,,,,,,,,,,,,,
KitName,LotNumber,ExpirationDate,Manufacturer,,,,,,,,,,
11-plex July,1438895,2/2/2025,R&D,,,,,,,,,,
Reagent,LotName,LotNumber,ExpirationDate,Manufacturer,,,,,,,,,
Standard1,,,,,,,,,,,,,
Standard2,,,,,,,,,,,,,
Standard3,,,,,,,,,,,,,
Standard4,,,,,,,,,,,,,
Standard5,,,,,,,,,,,,,
Standard6,,,,,,,,,,,,,
,,,,,,,,,,,,,
,,,,,,,,,,,,,
Samples,48,Min Events,50,Per Bead,,,,,,,,,
,,,,,,,,,,,,,
Results,,,,,,,,,,,,,
,,,,,,,,,,,,,
DataType:,Median,,,,,,,,,,,,
Location,Sample,BDNF 15,MIF 21,S100B 22,IL-7 29,Tau 33,IL-13 47,M-CSF 48,PDGF-AA 56,IL-15 63,TNF RI 66,IL-18 78,Total Events
"1(1,A1)",Background0,11,11,14.5,16,51,12,25,25,17.5,26,23,687
"2(1,B1)",Standard1,10482,3298.5,11182,3517,3923.5,3235,7960,3879,3751,4166.5,6720,681
"3(1,C1)",Standard2,4613,898.5,5903,1359,1866,1490,4410,1433,1429.5,1997,3190.5,709
"4(1,D1)",Standard3,1933,218,2353.5,534,732.5,570.5,2018,529.5,536.5,806,1369,698
"5(1,E1)",Standard4,739,64.5,830,191,257,156,842,193,194,292,494.5,650
"6(1,F1)",Standard5,256,26,293,69,115,41,301.5,79,73,112.5,186,731
"7(1,G1)",Standard6,90.5,15,105,32,70,16.5,115,45,34.5,55.5,73,722
"8(1,H1)",Unknown1,9464,189,37,54,19,18,37,5965,21,924,341,3451
"9(1,A2)",Background0,12.5,10,15,15,48,11,24.5,27,17,24.5,18,806
"10(1,B2)",Standard1,9899,3400.5,10547,3404,3803,3175,8087.5,3881.5,3788,4179,6475,699
"11(1,C2)",Standard2,4717,912,5886,1394.5,1913,1506,4556,1482,1448,2009.5,3223,770
"12(1,D2)",Standard3,1895,227,2370,525.5,693,572,2003,516,547,810,1352.5,860
"13(1,E2)",Standard4,680.5,65,792.5,191,255,141,774,196.5,184,287.5,474,682
"14(1,F2)",Standard5,251.5,24.5,284.5,72,120,39,307,83,74.5,114.5,179,646
"15(1,G2)",Standard6,92.5,17,104.5,33.5,70.5,16.5,122,42,35.5,55,71.5,667
"16(1,H2)",Unknown1,10083,186,37,52,19,19,37,5981,22,905.5,321,3152
"17(1,A3)",Unknown2,8091.5,32,34,49,21,30,26,3488,21.5,684,180,3172
"18(1,B3)",Unknown3,1696,153.5,387,23,29,14,59,272,30.5,780.5,360,767
"19(1,C3)",Unknown4,6291,194,31.5,36,26,15,47,6867.5,19.5,995,348,738
"20(1,D3)",Unknown5,7316.5,115,26,44,29,13,27.5,7479.5,14.5,1214,427,753
"21(1,E3)",Unknown6,8363,128,33,20.5,28,10,47.5,2649,18,1208,290,820
"22(1,F3)",Unknown7,9724,61,25,49,30,16,43,5228,19,1086,312,2176
"23(1,G3)",Unknown8,8168,357,32,52.5,24,15,39,6070,14,974,184.5,719
"24(1,H3)",Unknown9,4459,205,15,23,21,13.5,24.5,1148,30,746,163,1330
"25(1,A4)",Unknown2,6604,29,31,42,21,16,23,2858.5,19,588,174,2895
"26(1,B4)",Unknown3,1490,166.5,346,21,26,12.5,55,226,28,645.5,306,883
"27(1,C4)",Unknown4,6078,182,29,34,27.5,11.5,46,6585,20,950,340,731
"28(1,D4)",Unknown5,7469,110,25.5,44,33,12,29,6999,20,1152,418.5,773
"29(1,E4)",Unknown6,8157,129.5,30.5,26,28,14,46,2648,16,1193,295,735
"30(1,F4)",Unknown7,9783,58,26,50,28.5,20,42,5086,19,1073.5,313,2025
"31(1,G4)",Unknown8,8385,361,33,51.5,24.5,15.5,44,6244,18,972,179.5,843
"32(1,H4)",Unknown9,4320.5,203,21,22,22,14,29,1133,32,724.5,167,1201
"33(1,A5)",Unknown10,3267.5,675,24,21,19,11,54,1756,19,1050.5,313,2029
"34(1,B5)",Unknown11,4423.5,807,17.5,24.5,24,11,55.5,1879.5,20,1208.5,314.5,738
"35(1,C5)",Unknown12,5425,191,47,88.5,22,12.5,41,5913,26.5,1020.5,90,648
"36(1,D5)",Unknown13,3860,1460,42,161.5,24,13,66,9459.5,25,1676,155,718
"37(1,E5)",Unknown14,7207,47,37,53,19,5,59,2335,21,629,223,2749
"38(1,F5)",Unknown15,6384,29,55,48,22,18,40,3017,22,762.5,328,3294
"39(1,G5)",Unknown16,8041,33,48,58,23,19,52,2969,22,837.5,405,2985
"40(1,H5)",Unknown17,6908,57,55,63,19,21,54,3798,25,712.5,360,2747
"41(1,A6)",Unknown10,4477,882,33,24,26,NaN,65,2295,25,1358,347,1346
"42(1,B6)",Unknown11,5346,856,21,28,20,11,50,2091,23.5,1296,312,913
"43(1,C6)",Unknown12,7781.5,199.5,49.5,85,19.5,14.5,44,6839.5,28,1128.5,88,820
"44(1,D6)",Unknown13,4786,1428,47,151.5,23,13,69,9988.5,26.5,1641,142,611
"45(1,E6)",Unknown14,7376,46,40,53,20,6,62,2363,23,631,224,2484
"46(1,F6)",Unknown15,6185,28,56,48,22,NaN,41,3034,21,730,310,2680
"47(1,G6)",Unknown16,7884,32,48,57,24,12.5,51,3011,23,809,367,2682
"48(1,H6)",Unknown17,7547.5,56.5,57,63,20,15,52,3939,25,684,333,2772
"49(1,A7)",Unknown18,11709,257,29,78,27,42,64,9825,21,652,627,2559
"50(1,B7)",Unknown19,11201,295,29,104,24,NaN,69,9163,24,761,512.5,2645
"51(1,C7)",Unknown20,9449,128,27,31.5,28,16,52,3944,23,755.5,485,2924
"52(1,D7)",Unknown21,8535,61,32,33,19,0.5,48,3541,24,732.5,331,2863
"53(1,E7)",Unknown22,10036,130,36,51,31,15,57,6603,22,585,232,2441
"54(1,F7)",Unknown23,11563,190.5,37,78.5,28.5,11,42.5,7207,28,898,214,791
"55(1,G7)",Unknown24,10074.5,308,36,58.5,37,17,52,4226,24,980,366,752
"56(1,H7)",Unknown25,8706.5,155,39,45,21,15,26,4826,20,553.5,27,769
"57(1,A8)",Unknown18,8041,175,20,71,25,20,47,8039,18,535.5,624,2031
"58(1,B8)",Unknown19,9435,224,22,94,20,NaN,56,7688,20,645.5,487.5,2615
"59(1,C8)",Unknown20,8469.5,117.5,22,29,26,12,48,3724,21,729,481,2696
"60(1,D8)",Unknown21,8181.5,53.5,29,32,21,14,43,3522.5,24,732,332,2447
"61(1,E8)",Unknown22,9866.5,119.5,34,49,29,NaN,54,6878,19.5,612,235.5,1793
"62(1,F8)",Unknown23,12055,173.5,31,74,26,11,45.5,7178,24,896,208,626
"63(1,G8)",Unknown24,9261,290.5,34,58,36,11.5,44,4192.5,27,940,359,717
"64(1,H8)",Unknown25,8685,139,28.5,41,16,15,24.5,4626.5,17,520,29.5,837
"65(1,A9)",Unknown26,8033,145,27,37,20.5,6,13,3428,13,490,31,831
"66(1,B9)",Unknown27,8771,41,11.5,40,8.5,10,25,5737,11.5,720.5,273,804
"67(1,C9)",Unknown28,8337.5,31,16.5,46,13,11,20,5334.5,12,585,319.5,741
"68(1,D9)",Unknown29,10170,65,16,47.5,12,16,26,5787.5,17,674.5,375.5,1528
"69(1,E9)",Unknown30,9302.5,184,16,35,16,14,25.5,5058,16.5,710,274,691
"70(1,F9)",Unknown31,8941.5,103,22,64,17,13,33,7997,17,879.5,845,1043
"71(1,G9)",Unknown32,10211,243,46,69,23,18,37,7883.5,29,580.5,129,2071
"72(1,H9)",Unknown33,6365,700,42,103,19,14.5,20,8125.5,24.5,699.5,637.5,831
"73(1,A10)",Unknown26,7271,130,31.5,37,20,6,14,3304,15,469.5,29,752
"74(1,B10)",Unknown27,8584.5,40,13.5,44,11.5,9.5,22,5374.5,13.5,683,262,919
"75(1,C10)",Unknown28,9401,35,13,42.5,12,13,22,5580,14,573,288.5,849
"76(1,D10)",Unknown29,10629,68,15,47,15,17,27,6010,15.5,673.5,389,776
"77(1,E10)",Unknown30,9546,200.5,15,33,9,12,24,5133,16,687,262.5,740
"78(1,F10)",Unknown31,9043,99,21.5,62.5,15,10.5,31,7907,18,876,837,913
"79(1,G10)",Unknown32,11378,245,46,71,31.5,11.5,39,7660.5,29,610.5,137,1815
"80(1,H10)",Unknown33,6896,683,42,109,24,11,21,7714,25.5,661,600,697
"81(1,A11)",Unknown34,5374,191,39,24,19,14,17.5,3265.5,17.5,625,328,673
"82(1,B11)",Unknown35,5429,35,22,47.5,28,8,23,5392,17,392.5,233,1066
"83(1,C11)",Unknown36,4489,28,24,112,16,10.5,22,6572.5,16.5,506,141,672
"84(1,D11)",Unknown37,7225,78,35,57,19,10,32,5001,19,473,382,2466
"85(1,E11)",Unknown38,7098.5,66,36,49.5,17,12,35,4721.5,22,672,434,943
"86(1,F11)",Unknown39,8002,46.5,30,46,22,11.5,31.5,4900.5,17,566.5,300,1270
"87(1,G11)",Unknown40,8443.5,57,46,58,21.5,10,20,6069,14,1054,254,854
"88(1,H11)",Unknown41,9376.5,121,38.5,70,27,12,19,6978,15,1220,271,805
"89(1,A12)",Unknown34,6982,234,47,27,22,8,21,3835,19.5,774.5,348,656
"90(1,B12)",Unknown35,8704.5,42,29,49.5,33,12.5,28,6680.5,19,499.5,246,1012
"91(1,C12)",Unknown36,5749,38,31.5,113,17,12.5,25,7627,19,577.5,136.5,763
"92(1,D12)",Unknown37,7853,82,38,55,19,15,34,4872,19,453,369,1388
"93(1,E12)",Unknown38,7530.5,71,43,46,18,9.5,37,4585.5,23.5,688,427,1142
"94(1,F12)",Unknown39,6742,43,26,41,22,10.5,27.5,4621.5,15,512.5,275,1115
"95(1,G12)",Unknown40,9185,58,47,61,19,13.5,20,6139,16,1033.5,251,739
"96(1,H12)",Unknown41,9380,109,42.5,67.5,21,14,21,6646.5,18,1164,255,832
,,,,,,,,,,,,,
DataType:,Net MFI,,,,,,,,,,,,
Location,Sample,BDNF 15,MIF 21,S100B 22,IL-7 29,Tau 33,IL-13 47,M-CSF 48,PDGF-AA 56,IL-15 63,TNF RI 66,IL-18 78,Total Events
"1(1,A1)",Background0,-0.75,0.5,-0.25,0.5,1.5,0.5,0.25,-1,0.25,0.75,2.5,687
"2(1,B1)",Standard1,10470.25,3288,11167.25,3501.5,3874,3223.5,7935.25,3853,3733.75,4141.25,6699.5,681
"3(1,C1)",Standard2,4601.25,888,5888.25,1343.5,1816.5,1478.5,4385.25,1407,1412.25,1971.75,3170,709
"4(1,D1)",Standard3,1921.25,207.5,2338.75,518.5,683,559,1993.25,503.5,519.25,780.75,1348.5,698
"5(1,E1)",Standard4,727.25,54,815.25,175.5,207.5,144.5,817.25,167,176.75,266.75,474,650
"6(1,F1)",Standard5,244.25,15.5,278.25,53.5,65.5,29.5,276.75,53,55.75,87.25,165.5,731
"7(1,G1)",Standard6,78.75,4.5,90.25,16.5,20.5,5,90.25,19,17.25,30.25,52.5,722
"8(1,H1)",Unknown1,9452.25,178.5,22.25,38.5,-30.5,6.5,12.25,5939,3.75,898.75,320.5,3451
"9(1,A2)",Background0,0.75,-0.5,0.25,-0.5,-1.5,-0.5,-0.25,1,-0.25,-0.75,-2.5,806
"10(1,B2)",Standard1,9887.25,3390,10532.25,3388.5,3753.5,3163.5,8062.75,3855.5,3770.75,4153.75,6454.5,699
"11(1,C2)",Standard2,4705.25,901.5,5871.25,1379,1863.5,1494.5,4531.25,1456,1430.75,1984.25,3202.5,770
"12(1,D2)",Standard3,1883.25,216.5,2355.25,510,643.5,560.5,1978.25,490,529.75,784.75,1332,860
"13(1,E2)",Standard4,668.75,54.5,777.75,175.5,205.5,129.5,749.25,170.5,166.75,262.25,453.5,682
"14(1,F2)",Standard5,239.75,14,269.75,56.5,70.5,27.5,282.25,57,57.25,89.25,158.5,646
"15(1,G2)",Standard6,80.75,6.5,89.75,18,21,5,97.25,16,18.25,29.75,51,667
"16(1,H2)",Unknown1,10071.25,175.5,22.25,36.5,-30.5,7.5,12.25,5955,4.75,880.25,300.5,3152
"17(1,A3)",Unknown2,8079.75,21.5,19.25,33.5,-28.5,18.5,1.25,3462,4.25,658.75,159.5,3172
"18(1,B3)",Unknown3,1684.25,143,372.25,7.5,-20.5,2.5,34.25,246,13.25,755.25,339.5,767
"19(1,C3)",Unknown4,6279.25,183.5,16.75,20.5,-23.5,3.5,22.25,6841.5,2.25,969.75,327.5,738
"20(1,D3)",Unknown5,7304.75,104.5,11.25,28.5,-20.5,1.5,2.75,7453.5,-2.75,1188.75,406.5,753
"21(1,E3)",Unknown6,8351.25,117.5,18.25,5,-21.5,-1.5,22.75,2623,0.75,1182.75,269.5,820
"22(1,F3)",Unknown7,9712.25,50.5,10.25,33.5,-19.5,4.5,18.25,5202,1.75,1060.75,291.5,2176
"23(1,G3)",Unknown8,8156.25,346.5,17.25,37,-25.5,3.5,14.25,6044,-3.25,948.75,164,719
"24(1,H3)",Unknown9,4447.25,194.5,0.25,7.5,-28.5,2,-0.25,1122,12.75,720.75,142.5,1330
"25(1,A4)",Unknown2,6592.25,18.5,16.25,26.5,-28.5,4.5,-1.75,2832.5,1.75,562.75,153.5,2895
"26(1,B4)",Unknown3,1478.25,156,331.25,5.5,-23.5,1,30.25,200,10.75,620.25,285.5,883
"27(1,C4)",Unknown4,6066.25,171.5,14.25,18.5,-22,0,21.25,6559,2.75,924.75,319.5,731
"28(1,D4)",Unknown5,7457.25,99.5,10.75,28.5,-16.5,0.5,4.25,6973,2.75,1126.75,398,773
"29(1,E4)",Unknown6,8145.25,119,15.75,10.5,-21.5,2.5,21.25,2622,-1.25,1167.75,274.5,735
"30(1,F4)",Unknown7,9771.25,47.5,11.25,34.5,-21,8.5,17.25,5060,1.75,1048.25,292.5,2025
"31(1,G4)",Unknown8,8373.25,350.5,18.25,36,-25,4,19.25,6218,0.75,946.75,159,843
"32(1,H4)",Unknown9,4308.75,192.5,6.25,6.5,-27.5,2.5,4.25,1107,14.75,699.25,146.5,1201
"33(1,A5)",Unknown10,3255.75,664.5,9.25,5.5,-30.5,-0.5,29.25,1730,1.75,1025.25,292.5,2029
"34(1,B5)",Unknown11,4411.75,796.5,2.75,9,-25.5,-0.5,30.75,1853.5,2.75,1183.25,294,738
"35(1,C5)",Unknown12,5413.25,180.5,32.25,73,-27.5,1,16.25,5887,9.25,995.25,69.5,648
"36(1,D5)",Unknown13,3848.25,1449.5,27.25,146,-25.5,1.5,41.25,9433.5,7.75,1650.75,134.5,718
"37(1,E5)",Unknown14,7195.25,36.5,22.25,37.5,-30.5,-6.5,34.25,2309,3.75,603.75,202.5,2749
"38(1,F5)",Unknown15,6372.25,18.5,40.25,32.5,-27.5,6.5,15.25,2991,4.75,737.25,307.5,3294
"39(1,G5)",Unknown16,8029.25,22.5,33.25,42.5,-26.5,7.5,27.25,2943,4.75,812.25,384.5,2985
"40(1,H5)",Unknown17,6896.25,46.5,40.25,47.5,-30.5,9.5,29.25,3772,7.75,687.25,339.5,2747
"41(1,A6)",Unknown10,4465.25,871.5,18.25,8.5,-23.5,NaN,40.25,2269,7.75,1332.75,326.5,1346
"42(1,B6)",Unknown11,5334.25,845.5,6.25,12.5,-29.5,-0.5,25.25,2065,6.25,1270.75,291.5,913
"43(1,C6)",Unknown12,7769.75,189,34.75,69.5,-30,3,19.25,6813.5,10.75,1103.25,67.5,820
"44(1,D6)",Unknown13,4774.25,1417.5,32.25,136,-26.5,1.5,44.25,9962.5,9.25,1615.75,121.5,611
"45(1,E6)",Unknown14,7364.25,35.5,25.25,37.5,-29.5,-5.5,37.25,2337,5.75,605.75,203.5,2484
"46(1,F6)",Unknown15,6173.25,17.5,41.25,32.5,-27.5,NaN,16.25,3008,3.75,704.75,289.5,2680
"47(1,G6)",Unknown16,7872.25,21.5,33.25,41.5,-25.5,1,26.25,2985,5.75,783.75,346.5,2682
"48(1,H6)",Unknown17,7535.75,46,42.25,47.5,-29.5,3.5,27.25,3913,7.75,658.75,312.5,2772
"49(1,A7)",Unknown18,11697.25,246.5,14.25,62.5,-22.5,30.5,39.25,9799,3.75,626.75,606.5,2559
"50(1,B7)",Unknown19,11189.25,284.5,14.25,88.5,-25.5,NaN,44.25,9137,6.75,735.75,492,2645
"51(1,C7)",Unknown20,9437.25,117.5,12.25,16,-21.5,4.5,27.25,3918,5.75,730.25,464.5,2924
"52(1,D7)",Unknown21,8523.25,50.5,17.25,17.5,-30.5,-11,23.25,3515,6.75,707.25,310.5,2863
"53(1,E7)",Unknown22,10024.25,119.5,21.25,35.5,-18.5,3.5,32.25,6577,4.75,559.75,211.5,2441
"54(1,F7)",Unknown23,11551.25,180,22.25,63,-21,-0.5,17.75,7181,10.75,872.75,193.5,791
"55(1,G7)",Unknown24,10062.75,297.5,21.25,43,-12.5,5.5,27.25,4200,6.75,954.75,345.5,752
"56(1,H7)",Unknown25,8694.75,144.5,24.25,29.5,-28.5,3.5,1.25,4800,2.75,528.25,6.5,769
"57(1,A8)",Unknown18,8029.25,164.5,5.25,55.5,-24.5,8.5,22.25,8013,0.75,510.25,603.5,2031
"58(1,B8)",Unknown19,9423.25,213.5,7.25,78.5,-29.5,NaN,31.25,7662,2.75,620.25,467,2615
"59(1,C8)",Unknown20,8457.75,107,7.25,13.5,-23.5,0.5,23.25,3698,3.75,703.75,460.5,2696
"60(1,D8)",Unknown21,8169.75,43,14.25,16.5,-28.5,2.5,18.25,3496.5,6.75,706.75,311.5,2447
"61(1,E8)",Unknown22,9854.75,109,19.25,33.5,-20.5,NaN,29.25,6852,2.25,586.75,215,1793
"62(1,F8)",Unknown23,12043.25,163,16.25,58.5,-23.5,-0.5,20.75,7152,6.75,870.75,187.5,626
"63(1,G8)",Unknown24,9249.25,280,19.25,42.5,-13.5,0,19.25,4166.5,9.75,914.75,338.5,717
"64(1,H8)",Unknown25,8673.25,128.5,13.75,25.5,-33.5,3.5,-0.25,4600.5,-0.25,494.75,9,837
"65(1,A9)",Unknown26,8021.25,134.5,12.25,21.5,-29,-5.5,-11.75,3402,-4.25,464.75,10.5,831
"66(1,B9)",Unknown27,8759.25,30.5,-3.25,24.5,-41,-1.5,0.25,5711,-5.75,695.25,252.5,804
"67(1,C9)",Unknown28,8325.75,20.5,1.75,30.5,-36.5,-0.5,-4.75,5308.5,-5.25,559.75,299,741
"68(1,D9)",Unknown29,10158.25,54.5,1.25,32,-37.5,4.5,1.25,5761.5,-0.25,649.25,355,1528
"69(1,E9)",Unknown30,9290.75,173.5,1.25,19.5,-33.5,2.5,0.75,5032,-0.75,684.75,253.5,691
"70(1,F9)",Unknown31,8929.75,92.5,7.25,48.5,-32.5,1.5,8.25,7971,-0.25,854.25,824.5,1043
"71(1,G9)",Unknown32,10199.25,232.5,31.25,53.5,-26.5,6.5,12.25,7857.5,11.75,555.25,108.5,2071
"72(1,H9)",Unknown33,6353.25,689.5,27.25,87.5,-30.5,3,-4.75,8099.5,7.25,674.25,617,831
"73(1,A10)",Unknown26,7259.25,119.5,16.75,21.5,-29.5,-5.5,-10.75,3278,-2.25,444.25,8.5,752
"74(1,B10)",Unknown27,8572.75,29.5,-1.25,28.5,-38,-2,-2.75,5348.5,-3.75,657.75,241.5,919
"75(1,C10)",Unknown28,9389.25,24.5,-1.75,27,-37.5,1.5,-2.75,5554,-3.25,547.75,268,849
"76(1,D10)",Unknown29,10617.25,57.5,0.25,31.5,-34.5,5.5,2.25,5984,-1.75,648.25,368.5,776
"77(1,E10)",Unknown30,9534.25,190,0.25,17.5,-40.5,0.5,-0.75,5107,-1.25,661.75,242,740
"78(1,F10)",Unknown31,9031.25,88.5,6.75,47,-34.5,-1,6.25,7881,0.75,850.75,816.5,913
"79(1,G10)",Unknown32,11366.25,234.5,31.25,55.5,-18,0,14.25,7634.5,11.75,585.25,116.5,1815
"80(1,H10)",Unknown33,6884.25,672.5,27.25,93.5,-25.5,-0.5,-3.75,7688,8.25,635.75,579.5,697
"81(1,A11)",Unknown34,5362.25,180.5,24.25,8.5,-30.5,2.5,-7.25,3239.5,0.25,599.75,307.5,673
"82(1,B11)",Unknown35,5417.25,24.5,7.25,32,-21.5,-3.5,-1.75,5366,-0.25,367.25,212.5,1066
"83(1,C11)",Unknown36,4477.25,17.5,9.25,96.5,-33.5,-1,-2.75,6546.5,-0.75,480.75,120.5,672
"84(1,D11)",Unknown37,7213.25,67.5,20.25,41.5,-30.5,-1.5,7.25,4975,1.75,447.75,361.5,2466
"85(1,E11)",Unknown38,7086.75,55.5,21.25,34,-32.5,0.5,10.25,4695.5,4.75,646.75,413.5,943
"86(1,F11)",Unknown39,7990.25,36,15.25,30.5,-27.5,0,6.75,4874.5,-0.25,541.25,279.5,1270
"87(1,G11)",Unknown40,8431.75,46.5,31.25,42.5,-28,-1.5,-4.75,6043,-3.25,1028.75,233.5,854
"88(1,H11)",Unknown41,9364.75,110.5,23.75,54.5,-22.5,0.5,-5.75,6952,-2.25,1194.75,250.5,805
"89(1,A12)",Unknown34,6970.25,223.5,32.25,11.5,-27.5,-3.5,-3.75,3809,2.25,749.25,327.5,656
"90(1,B12)",Unknown35,8692.75,31.5,14.25,34,-16.5,1,3.25,6654.5,1.75,474.25,225.5,1012
"91(1,C12)",Unknown36,5737.25,27.5,16.75,97.5,-32.5,1,0.25,7601,1.75,552.25,116,763
"92(1,D12)",Unknown37,7841.25,71.5,23.25,39.5,-30.5,3.5,9.25,4846,1.75,427.75,348.5,1388
"93(1,E12)",Unknown38,7518.75,60.5,28.25,30.5,-31.5,-2,12.25,4559.5,6.25,662.75,406.5,1142
"94(1,F12)",Unknown39,6730.25,32.5,11.25,25.5,-27.5,-1,2.75,4595.5,-2.25,487.25,254.5,1115
"95(1,G12)",Unknown40,9173.25,47.5,32.25,45.5,-30.5,2,-4.75,6113,-1.25,1008.25,230.5,739
"96(1,H12)",Unknown41,9368.25,98.5,27.75,52,-28.5,2.5,-3.75,6620.5,0.75,1138.75,234.5,832
,,,,,,,,,,,,,
DataType:,Count,,,,,,,,,,,,
Location,Sample,BDNF 15,MIF 21,S100B 22,IL-7 29,Tau 33,IL-13 47,M-CSF 48,PDGF-AA 56,IL-15 63,TNF RI 66,IL-18 78,Total Events
"1(1,A1)",Background0,54,59,74,67,52,55,84,61,50,81,50,687
"2(1,B1)",Standard1,63,54,70,74,70,51,72,50,50,70,57,681
"3(1,C1)",Standard2,73,54,83,81,59,50,64,71,50,56,68,709
"4(1,D1)",Standard3,63,53,74,71,54,50,83,54,62,62,72,698
"5(1,E1)",Standard4,50,52,51,78,61,55,63,55,50,69,66,650
"6(1,F1)",Standard5,70,52,65,71,70,50,82,64,70,70,67,731
"7(1,G1)",Standard6,74,60,75,54,81,60,105,57,56,50,50,722
"8(1,H1)",Unknown1,305,314,398,373,343,43,431,288,291,328,337,3451
"9(1,A2)",Background0,76,68,68,93,86,67,94,50,58,72,74,806
"10(1,B2)",Standard1,54,54,69,73,69,65,70,72,50,65,58,699
"11(1,C2)",Standard2,74,78,73,76,64,50,86,59,71,74,65,770
"12(1,D2)",Standard3,94,73,95,98,87,52,85,50,58,92,76,860
"13(1,E2)",Standard4,60,50,82,62,55,57,84,50,59,64,59,682
"14(1,F2)",Standard5,60,56,52,58,60,50,85,50,54,66,55,646
"15(1,G2)",Standard6,66,50,64,66,62,58,79,55,50,53,64,667
"16(1,H2)",Unknown1,309,286,392,357,293,17,338,274,279,306,301,3152
"17(1,A3)",Unknown2,336,288,370,359,219,7,383,286,286,313,325,3172
"18(1,B3)",Unknown3,75,62,81,65,74,57,80,50,66,78,79,767
"19(1,C3)",Unknown4,68,56,78,83,57,50,93,56,50,81,66,738
"20(1,D3)",Unknown5,78,75,82,75,63,59,100,50,54,50,67,753
"21(1,E3)",Unknown6,76,77,91,90,74,50,92,57,61,77,75,820
"22(1,F3)",Unknown7,215,234,272,238,93,1,278,185,206,237,217,2176
"23(1,G3)",Unknown8,66,72,72,74,81,53,60,62,61,68,50,719
"24(1,H3)",Unknown9,111,135,160,155,109,50,170,112,103,102,123,1330
"25(1,A4)",Unknown2,285,300,330,327,198,8,386,218,268,272,303,2895
"26(1,B4)",Unknown3,88,68,93,96,95,50,107,74,72,70,70,883
"27(1,C4)",Unknown4,63,68,73,75,66,50,80,61,53,69,73,731
"28(1,D4)",Unknown5,63,50,90,92,66,64,75,61,67,77,68,773
"29(1,E4)",Unknown6,67,56,86,85,65,50,80,61,55,57,73,735
"30(1,F4)",Unknown7,207,196,239,223,90,5,264,185,203,204,209,2025
"31(1,G4)",Unknown8,77,70,97,84,82,50,101,58,71,81,72,843
"32(1,H4)",Unknown9,118,97,141,126,117,50,132,97,96,110,117,1201
"33(1,A5)",Unknown10,240,166,289,229,136,9,223,153,205,188,191,2029
"34(1,B5)",Unknown11,56,66,80,82,68,60,60,72,50,76,68,738
"35(1,C5)",Unknown12,68,57,59,68,50,50,60,55,64,56,61,648
"36(1,D5)",Unknown13,67,65,68,78,67,50,70,54,59,77,63,718
"37(1,E5)",Unknown14,304,267,351,320,132,19,352,234,244,273,253,2749
"38(1,F5)",Unknown15,361,315,387,370,270,7,394,281,301,318,290,3294
"39(1,G5)",Unknown16,317,284,348,325,239,33,346,266,256,280,291,2985
"40(1,H5)",Unknown17,238,283,343,299,226,15,343,245,216,260,279,2747
"41(1,A6)",Unknown10,149,117,175,169,80,0,164,105,117,125,145,1346
"42(1,B6)",Unknown11,92,67,116,84,85,50,105,72,68,103,71,913
"43(1,C6)",Unknown12,72,66,104,96,84,50,100,54,63,60,71,820
"44(1,D6)",Unknown13,50,54,69,52,55,51,67,50,50,62,51,611
"45(1,E6)",Unknown14,245,210,328,286,133,3,320,222,223,260,254,2484
"46(1,F6)",Unknown15,306,268,306,291,191,0,311,223,243,265,276,2680
"47(1,G6)",Unknown16,269,232,306,280,199,50,343,229,243,283,248,2682
"48(1,H6)",Unknown17,276,250,318,284,265,31,340,229,266,259,254,2772
"49(1,A7)",Unknown18,297,236,341,296,161,2,316,205,236,261,208,2559
"50(1,B7)",Unknown19,313,217,309,311,241,0,335,157,259,239,264,2645
"51(1,C7)",Unknown20,321,247,321,316,289,41,372,233,229,296,259,2924
"52(1,D7)",Unknown21,317,266,337,325,221,2,335,251,254,270,285,2863
"53(1,E7)",Unknown22,270,213,308,284,180,5,291,205,212,245,228,2441
"54(1,F7)",Unknown23,72,50,84,80,74,53,82,65,61,79,91,791
"55(1,G7)",Unknown24,66,59,78,78,81,57,91,53,50,69,70,752
"56(1,H7)",Unknown25,72,65,83,73,91,50,91,51,60,58,75,769
"57(1,A8)",Unknown18,241,206,275,247,97,3,217,161,190,192,202,2031
"58(1,B8)",Unknown19,303,228,321,287,241,0,296,196,231,242,270,2615
"59(1,C8)",Unknown20,286,212,305,265,266,32,359,216,236,253,266,2696
"60(1,D8)",Unknown21,250,242,268,288,154,1,291,218,222,264,249,2447
"61(1,E8)",Unknown22,204,178,202,211,119,0,209,148,168,178,176,1793
"62(1,F8)",Unknown23,56,50,64,62,56,56,62,51,53,60,56,626
"63(1,G8)",Unknown24,57,76,69,73,65,60,77,50,66,70,54,717
"64(1,H8)",Unknown25,81,83,80,97,70,50,98,66,66,68,78,837
"65(1,A9)",Unknown26,81,79,76,90,72,50,102,65,67,65,84,831
"66(1,B9)",Unknown27,79,75,82,88,50,58,77,63,64,84,84,804
"67(1,C9)",Unknown28,66,59,76,81,62,59,98,50,54,64,72,741
"68(1,D9)",Unknown29,133,123,185,170,161,50,148,136,126,158,138,1528
"69(1,E9)",Unknown30,62,63,65,67,59,62,62,58,50,83,60,691
"70(1,F9)",Unknown31,110,83,119,97,105,50,123,73,88,100,95,1043
"71(1,G9)",Unknown32,257,193,266,281,8,5,254,184,202,226,195,2071
"72(1,H9)",Unknown33,77,65,100,73,68,60,114,50,64,82,78,831
"73(1,A10)",Unknown26,59,55,80,73,80,68,76,50,58,78,75,752
"74(1,B10)",Unknown27,78,81,98,93,84,50,112,62,84,86,91,919
"75(1,C10)",Unknown28,100,77,87,94,70,63,95,50,60,75,78,849
"76(1,D10)",Unknown29,87,77,71,67,90,56,71,50,58,80,69,776
"77(1,E10)",Unknown30,55,50,81,84,65,63,80,69,50,61,82,740
"78(1,F10)",Unknown31,86,64,116,96,74,50,113,71,77,93,73,913
"79(1,G10)",Unknown32,189,207,239,227,14,4,227,154,195,182,177,1815
"80(1,H10)",Unknown33,55,65,76,67,61,50,78,53,50,65,77,697
"81(1,A11)",Unknown34,65,51,77,68,62,54,74,56,54,62,50,673
"82(1,B11)",Unknown35,114,90,109,90,103,50,131,78,96,106,99,1066
"83(1,C11)",Unknown36,59,59,74,73,63,50,69,58,54,63,50,672
"84(1,D11)",Unknown37,231,204,276,294,253,50,256,196,215,243,248,2466
"85(1,E11)",Unknown38,82,65,101,100,92,50,105,84,86,91,87,943
"86(1,F11)",Unknown39,121,114,146,125,126,50,142,108,101,122,115,1270
"87(1,G11)",Unknown40,92,67,95,96,62,50,99,75,61,97,60,854
"88(1,H11)",Unknown41,70,73,88,65,72,50,93,54,70,85,85,805
"89(1,A12)",Unknown34,52,53,66,67,67,55,60,50,58,74,54,656
"90(1,B12)",Unknown35,98,95,111,110,89,50,119,78,76,100,86,1012
"91(1,C12)",Unknown36,68,67,88,88,82,50,89,53,50,70,58,763
"92(1,D12)",Unknown37,123,124,137,150,136,50,164,97,106,146,155,1388
"93(1,E12)",Unknown38,102,81,146,135,109,50,133,82,86,103,115,1142
"94(1,F12)",Unknown39,115,99,122,116,89,50,132,86,98,104,104,1115
"95(1,G12)",Unknown40,68,77,76,73,54,50,81,67,56,68,69,739
"96(1,H12)",Unknown41,87,66,80,90,79,63,106,50,56,76,79,832
,,,,,,,,,,,,,
DataType:,Result,,,,,,,,,,,,
Location,Sample,BDNF 15,MIF 21,S100B 22,IL-7 29,Tau 33,IL-13 47,M-CSF 48,PDGF-AA 56,IL-15 63,TNF RI 66,IL-18 78,Total Events
"1(1,A1)",Background0,NaN,NaN,NaN,NaN,NaN,NaN,NaN,NaN,NaN,NaN,NaN,687
"2(1,B1)",Standard1,2779.217504,54602.92381,24861.0908,1473.081023,27205.07901,114185.5686,122395.0418,1019.242426,1530.479057,53776.73593,13799.62274,681
"3(1,C1)",Standard2,867.6483374,18571.94705,7542.581246,461.7113853,8548.598858,35458.94769,40700.4112,334.6386862,502.3049061,17757.14075,4326.53788,709
"4(1,D1)",Standard3,299.6177144,5990.354814,2542.500464,161.4263759,3043.1922,12713.19205,13871.61187,114.4615158,172.1179064,6026.050747,1522.696841,698
"5(1,E1)",Standard4,102.4235499,2064.76701,849.5894031,53.42050366,952.9589782,4199.090625,4887.177979,37.56918985,57.75435636,1991.901544,491.8624801,650
"6(1,F1)",Standard5,33.09743257,722.9466155,287.1207896,17.09577404,316.3566177,1405.274132,1522.703758,12.15519442,18.81975832,660.0549622,169.1091237,731
"7(1,G1)",Standard6,10.77693725,189.3765175,93.54169066,5.664318032,106.1985907,454.5585122,496.7858212,4.593064747,6.154322752,223.3195062,55.2501239,722
"8(1,H1)",Unknown1,2373.015029,5324.508413,24.14460267,12.56251849,< 107.6,537.1033752,104.322902,1700.342567,1.321520585,7025.020812,328.8185128,3451
"9(1,A2)",Background0,NaN,NaN,NaN,NaN,NaN,NaN,NaN,NaN,NaN,NaN,NaN,806
"10(1,B2)",Standard1,2542.336522,56713.90636,21093.98171,1412.747008,25283.68912,110234.7276,127104.4832,1020.005243,1548.584382,54069.21878,12883.31806,699
"11(1,C2)",Standard2,893.2230396,18790.73086,7512.991377,475.8086662,8808.405554,35932.9197,42830.21278,347.1135994,509.5817648,17902.49732,4386.122368,770
"12(1,D2)",Standard3,292.8031965,6192.56302,2561.83641,158.6233789,2868.170003,12744.67112,13742.25019,111.3203046,175.7399545,6059.41649,1501.553404,860
"13(1,E2)",Standard4,93.69001194,2080.156428,809.8407634,53.42050366,944.1187461,3873.541346,4436.632594,38.35387042,54.52200832,1958.39101,469.7951655,682
"14(1,F2)",Standard5,32.48167604,659.3239946,278.3289391,17.99504025,339.2700517,1342.638713,1554.241558,13.0436499,19.30435886,675.0428545,162.0037332,646
"15(1,G2)",Standard6,11.04363651,304.1699494,93.02969501,6.15380558,108.5935506,454.5585122,533.4609151,3.922975443,6.494723921,219.3360173,53.74578896,667
"16(1,H2)",Unknown1,2615.850914,5254.269953,24.14460267,11.95157675,< 107.6,587.9603873,104.322902,1705.9151,1.710399493,6866.362996,307.9414668,3152
"17(1,A3)",Unknown2,1878.339519,963.2424944,21.09923274,11.03113879,< 107.6,1040.637546,52.9504367,901.5087252,1.517400172,5024.495185,163.0182729,3172
"18(1,B3)",Unknown3,257.6849364,4474.340825,384.5761222,2.576064349,< 107.6,288.1805854,211.175244,55.35639122,4.778079522,5814.145764,348.7286445,767
"19(1,C3)",Unknown4,1314.189629,5440.976404,18.56332845,6.960238662,< 107.6,360.9074448,152.3561486,2023.116793,0.708159706,7641.169281,336.1450659,738
"20(1,D3)",Unknown5,1624.200388,3494.718774,12.99170416,9.484010396,< 107.6,199.3060814,59.83649669,2251.90662,< 6.32,9617.317752,419.5451243,753
"21(1,E3)",Unknown6,1971.575213,3833.543331,20.08465041,1.623144063,< 107.6,< 454.8,154.7835051,659.4408541,< 6.32,9561.595805,275.7441998,820
"22(1,F3)",Unknown7,2473.468088,1956.078302,11.97998762,11.03113879,< 107.6,424.8597094,133.02036,1449.448427,0.489144311,8448.129835,298.5736787,2176
"23(1,G3)",Unknown8,1904.38587,8937.446088,19.07035981,12.10450049,< 107.6,360.9074448,113.8444532,1737.010386,< 6.32,7457.718958,167.5858274,719
"24(1,H3)",Unknown9,830.2749044,5694.692903,1.90196725,2.576064349,< 107.6,246.6154305,46.11251769,263.1408413,4.604063021,5529.63197,145.7939273,1330
"25(1,A4)",Unknown2,1405.723315,845.5979944,18.05637569,8.859548354,< 107.6,424.8597094,39.32880135,718.5305626,0.489144311,4257.363401,156.9335833,2895
"26(1,B4)",Unknown3,222.3424127,4790.733273,342.0179262,1.820580373,< 107.6,141.7030653,191.4452877,44.97982554,3.902352177,4714.700959,292.3376963,883
"27(1,C4)",Unknown4,1253.417025,5160.189553,16.02939455,6.31597147,< 107.6,< 454.8,147.5081774,1920.223719,0.918173972,7249.309886,327.772694,731
"28(1,D4)",Unknown5,1672.827671,3361.853755,12.48578832,9.484010396,< 107.6,52.61608526,66.76593797,2071.594873,0.918173972,9045.907348,410.5080751,773
"29(1,E4)",Unknown6,1900.629845,3872.066761,17.54950362,3.645295025,< 107.6,288.1805854,147.5081774,659.1609774,< 6.32,9422.690685,280.9240961,735
"30(1,F4)",Unknown7,2496.57292,1861.495222,12.99170416,11.3385295,< 107.6,636.2705899,128.2106587,1402.402983,0.489144311,8336.111485,299.6137243,2025
"31(1,G4)",Unknown8,1979.22781,9017.694979,20.08465041,11.79852158,< 107.6,393.7423024,137.8400297,1798.284676,< 6.32,7440.30084,162.5109817,843
"32(1,H4)",Unknown9,797.1670767,5648.811796,7.938396917,2.204128534,< 107.6,288.1805854,66.76593797,259.4285543,5.297245639,5353.576227,149.8424101,1201
"33(1,A5)",Unknown10,560.8268495,14828.63964,10.96875091,1.820580373,< 107.6,< 454.8,186.5311908,417.8388339,0.489144311,8130.980409,299.6137243,2029
"34(1,B5)",Unknown11,821.7434,17068.61365,4.41156311,3.117913809,< 107.6,< 454.8,193.905157,450.2474114,0.918173972,9566.235804,301.1741764,738
"35(1,C5)",Unknown12,1074.611657,5371.183998,34.31058007,22.91616238,< 107.6,141.7030653,123.4112238,1682.268904,3.368969904,7865.314851,72.29866979,648
"36(1,D5)",Unknown13,690.4876058,27176.30507,29.22501516,44.59653557,< 107.6,199.3060814,245.9664208,3048.882169,2.827758538,14199.57855,137.7046533,718
"37(1,E5)",Unknown14,1589.694679,1501.477845,24.14460267,12.25729639,< 107.6,< 454.8,211.175244,572.5796271,1.321520585,4582.818924,206.8112785,2749
"38(1,F5)",Unknown15,1341.108024,845.5979944,42.45650167,10.72312386,< 107.6,537.1033752,118.6223744,763.8365509,1.710399493,5665.393269,315.2390333,3294
"39(1,G5)",Unknown16,1861.241419,1001.516958,35.32824508,13.77893485,< 107.6,587.9603873,176.7261013,750.0615989,1.710399493,6289.738076,396.1868447,2985
"40(1,H5)",Unknown17,1497.202118,1829.656619,42.45650167,15.29098128,< 107.6,682.4839862,186.5311908,994.5962116,2.827758538,5255.724537,348.7286445,2747
"41(1,A6)",Unknown10,834.612713,18303.52896,20.08465041,2.939124548,< 107.6,NaN,240.9768259,561.6620242,2.827758538,10982.63602,335.0977911,1346
"42(1,B6)",Unknown11,1053.735745,17878.23717,7.938396917,4.33174787,< 107.6,< 454.8,166.9529147,506.5044513,2.276268125,10388.12915,298.5736787,913
"43(1,C6)",Unknown12,1774.574618,5568.256586,36.85506465,21.87493958,< 107.6,325.932014,137.8400297,2012.842374,3.902352177,8831.835007,70.29262076,820
"44(1,D6)",Unknown13,910.3407704,26707.85344,34.31058007,41.61755888,< 107.6,199.3060814,260.9721037,3277.002078,3.368969904,13831.17665,124.5806044,611
"45(1,E6)",Unknown14,1643.093615,1467.549881,27.19218362,12.25729639,< 107.6,< 454.8,226.0462676,580.2418511,2.089521492,4598.776633,207.8337495,2484
"46(1,F6)",Unknown15,1283.793511,805.3283097,43.47543678,10.72312386,< 107.6,NaN,123.4112238,768.7265281,1.321520585,5398.52325,296.4942011,2680
"47(1,G6)",Unknown16,1808.56934,963.2424944,35.32824508,13.47545523,< 107.6,141.7030653,171.8354336,762.1120936,2.089521492,6051.071842,356.082985,2682
"48(1,H6)",Unknown17,1698.119761,1813.67663,44.49451529,15.29098128,< 107.6,360.9074448,176.7261013,1037.585249,2.827758538,5024.495185,320.4577699,2772
"49(1,A7)",Unknown18,3316.873039,6853.309222,16.02939455,19.78868249,< 107.6,1436.113301,235.9935357,3205.793444,1.321520585,4766.799519,636.7179847,2559
"50(1,B7)",Unknown19,3087.656045,7664.551538,16.02939455,27.5180693,< 107.6,NaN,260.9721037,2923.878488,2.461445,5653.027893,511.3141486,2645
"51(1,C7)",Unknown20,2367.287062,3833.543331,14.0038642,5.500072407,< 107.6,424.8597094,176.7261013,1039.117135,2.089521492,5607.728358,481.6248032,2924
"52(1,D7)",Unknown21,2031.798001,1956.078302,19.07035981,5.991157686,< 107.6,< 454.8,157.2130718,917.2845788,2.461445,5418.974229,318.3696553,2863
"53(1,E7)",Unknown22,2596.96443,3884.883023,23.12922045,11.64533125,< 107.6,360.9074448,201.2958305,1926.728953,1.710399493,4233.67368,216.0203115,2441
"54(1,F7)",Unknown23,3250.014839,5359.526239,24.14460267,19.93790179,< 107.6,< 454.8,130.6142451,2149.035102,3.902352177,6802.261421,197.6174552,791
"55(1,G7)",Unknown24,2612.429745,7936.287039,23.12922045,13.93053047,< 107.6,483.0592281,176.7261013,1126.342092,2.461445,7510.028853,355.0317354,752
"56(1,H7)",Unknown25,2092.749831,4511.174194,26.17609319,9.794936678,< 107.6,360.9074448,52.9504367,1317.34109,0.918173972,3985.932025,8.867332207,769
"57(1,A8)",Unknown18,1861.241419,4994.328353,6.929613701,17.69548739,< 107.6,636.2705899,152.3561486,2468.213782,< 6.32,3845.172702,633.3951896,2031
"58(1,B8)",Unknown19,2361.947554,6125.377395,8.947897929,24.55048338,< 107.6,NaN,196.3668823,2331.7103,0.918173972,4714.700959,484.3170243,2615
"59(1,C8)",Unknown20,2008.757777,3560.598749,8.947897929,4.669284566,< 107.6,52.61608526,157.2130718,972.1970095,1.321520585,5390.346452,477.3200759,2696
"60(1,D8)",Unknown21,1909.000503,1716.910282,16.02939455,5.664318032,< 107.6,288.1805854,133.02036,911.7713925,2.461445,5414.883006,319.4136092,2447
"61(1,E8)",Unknown22,2529.469615,3613.047368,21.09923274,11.03113879,< 107.6,NaN,186.5311908,2026.974032,0.708159706,4447.487624,219.6057535,1793
"62(1,F8)",Unknown23,3478.53854,4958.578283,18.05637569,18.59358635,< 107.6,< 454.8,145.0876204,2138.182114,2.461445,6785.188931,191.4965802,626
"63(1,G8)",Unknown24,2296.114096,7569.835123,21.09923274,13.77893485,< 107.6,< 454.8,137.8400297,1115.895217,3.547541577,7162.862699,347.678863,717
"64(1,H8)",Unknown25,2085.058821,4113.526853,15.52286894,8.545890148,< 107.6,360.9074448,46.11251769,1253.015015,< 6.32,3724.42402,11.42490438,837
"65(1,A9)",Unknown26,1858.539788,4263.907009,14.0038642,7.279993254,< 107.6,< 454.8,< 513.6,883.7185449,< 6.32,3491.901104,12.95438088,831
"66(1,B9)",Unknown27,2115.908958,1294.266209,< 93.42,8.231188395,< 107.6,< 454.8,48.38613314,1621.516436,< 6.32,5320.926366,258.1701389,804
"67(1,C9)",Unknown28,1962.723554,924.5186354,3.40639301,10.10506583,< 107.6,< 454.8,25.95900887,1485.006089,< 6.32,4233.67368,306.3790145,741
"68(1,D9)",Unknown29,2651.008319,2080.156428,2.904400602,10.56887053,< 107.6,424.8597094,52.9504367,1638.882011,< 6.32,4947.780407,365.0270961,1528
"69(1,E9)",Unknown30,2311.727103,5207.291784,2.904400602,6.638944876,< 107.6,288.1805854,50.66551349,1393.175551,< 6.32,5235.375657,259.202308,691
"70(1,F9)",Unknown31,2177.753237,3173.213361,8.947897929,15.5924398,< 107.6,199.3060814,85.42940057,2451.736686,< 6.32,6644.681151,883.6163961,1043
"71(1,G9)",Unknown32,2667.665912,6547.388821,33.2930922,17.09577404,< 107.6,537.1033752,104.322902,2407.404631,4.254409151,4198.17041,111.4808771,2071
"72(1,H9)",Unknown33,1335.589508,15260.07157,29.22501516,27.22146177,< 107.6,325.932014,25.95900887,2502.272084,2.645227039,5150.048566,648.3636047,831
"73(1,A10)",Unknown26,1609.820911,3884.883023,18.56332845,7.279993254,< 107.6,< 454.8,0.757829502,847.1854222,< 6.32,3333.885756,10.91430377,752
"74(1,B10)",Unknown27,2049.297415,1258.809695,0.405044229,9.484010396,< 107.6,< 454.8,34.84027585,1498.421752,< 6.32,5016.411482,246.8293702,919
"75(1,C10)",Unknown28,2349.006646,1076.822596,< 93.42,9.016008495,< 107.6,199.3060814,34.84027585,1567.868141,< 6.32,4139.081437,274.1912146,849
"76(1,D10)",Unknown29,2840.790597,2171.809575,1.90196725,10.41444663,< 107.6,483.0592281,57.53611003,1716.029005,< 6.32,4939.7156,379.2637643,776
"77(1,E10)",Unknown30,2404.457392,5591.306884,1.90196725,5.991157686,< 107.6,52.61608526,43.84490934,1417.928256,< 6.32,5048.758272,247.3443408,740
"78(1,F10)",Unknown31,2215.003389,3063.942433,8.443063122,15.14014204,< 107.6,< 454.8,76.06613911,2416.560139,< 6.32,6614.954234,874.3640597,913
"79(1,G10)",Unknown32,3166.438217,6591.343578,33.2930922,17.69548739,< 107.6,< 454.8,113.8444532,2321.130155,4.254409151,4435.573056,119.5394897,1815
"80(1,H10)",Unknown33,1493.542447,14967.09088,29.22501516,29.00082409,< 107.6,< 454.8,30.38238534,2341.728607,3.009160317,4839.072335,606.8850758,697
"81(1,A11)",Unknown34,1061.11634,5371.183998,26.17609319,2.939124548,< 107.6,288.1805854,15.09008515,835.9064725,< 6.32,4550.926557,315.2390333,673
"82(1,B11)",Unknown35,1075.672961,1076.822596,8.947897929,10.56887053,< 107.6,< 454.8,39.32880135,1504.301533,< 6.32,2746.344411,217.0444852,1066
"83(1,C11)",Unknown36,837.5090658,805.3283097,10.96875091,29.89034254,< 107.6,< 454.8,34.84027585,1915.710251,< 6.32,3615.721131,123.5720971,672
"84(1,D11)",Unknown37,1595.343405,2469.639421,22.11409346,13.47545523,< 107.6,< 454.8,80.74028022,1374.441088,0.489144311,3360.814667,371.8769819,2466
"85(1,E11)",Unknown38,1555.840002,2110.836144,23.12922045,11.1849099,< 107.6,52.61608526,94.84990302,1283.544558,1.710399493,4927.622105,426.9990246,943
"86(1,F11)",Unknown39,1848.088965,1484.542161,17.04271448,10.10506583,< 107.6,< 454.8,78.40129154,1341.572329,< 6.32,4087.954612,286.1090505,1270
"87(1,G11)",Unknown40,1999.648434,1829.656619,33.2930922,13.77893485,< 107.6,< 454.8,25.95900887,1736.660076,< 6.32,8162.114221,238.5965195,854
"88(1,H11)",Unknown41,2339.70479,3652.238294,25.66813267,17.39573534,< 107.6,52.61608526,21.57524759,2063.828202,< 6.32,9673.131384,256.1063975,805
"89(1,A12)",Unknown34,1519.859084,6348.51067,34.31058007,3.990603463,< 107.6,< 454.8,30.38238534,1005.837739,0.708159706,5764.485932,336.1450659,656
"90(1,B12)",Unknown35,2092.033783,1329.441343,16.02939455,11.1849099,< 107.6,141.7030653,62.14169606,1954.816421,0.489144311,3565.366685,230.3761716,1012
"91(1,C12)",Unknown36,1161.927316,1187.000805,18.56332845,30.18684049,< 107.6,141.7030653,48.38613314,2308.264014,0.489144311,4174.522376,119.0355716,763
"92(1,D12)",Unknown37,1798.255372,2585.822019,25.16023002,12.86726945,< 107.6,360.9074448,90.13281465,1332.289178,0.489144311,3207.204119,358.1861145,1388
"93(1,E12)",Unknown38,1692.627384,2262.346769,30.24174209,10.10506583,< 107.6,< 454.8,104.322902,1239.896302,2.276268125,5056.849966,419.5451243,1142
"94(1,F12)",Unknown39,1446.932601,1364.346803,12.99170416,8.545890148,< 107.6,< 454.8,59.83649669,1251.413327,< 6.32,3666.14814,260.2346761,1115
"95(1,G12)",Unknown40,2267.664819,1861.495222,34.31058007,14.68716177,< 107.6,246.6154305,25.95900887,1761.232528,< 6.32,7980.1744,235.5124296,739
"96(1,H12)",Unknown41,2341.032438,3335.097713,29.73335339,16.6454165,< 107.6,288.1805854,30.38238534,1942.478418,< 6.32,9155.749743,239.6249399,832
,,,,,,,,,,,,,
DataType:,Range,,,,,,,,,,,,
Location,Sample,BDNF 15,MIF 21,S100B 22,IL-7 29,Tau 33,IL-13 47,M-CSF 48,PDGF-AA 56,IL-15 63,TNF RI 66,IL-18 78,Total Events
"1(1,A1)",Background0,,,,,,,,,,,,687
"2(1,B1)",Standard1,,,,,,,,,,,,681
"3(1,C1)",Standard2,,,,,,,,,,,,709
"4(1,D1)",Standard3,,,,,,,,,,,,698
"5(1,E1)",Standard4,,,,,,,,,,,,650
"6(1,F1)",Standard5,,,,,,,,,,,,731
"7(1,G1)",Standard6,,,,,,,,,,,,722
"8(1,H1)",Unknown1,,,,,,,,,,,,3451
"9(1,A2)",Background0,,,,,,,,,,,,806
"10(1,B2)",Standard1,,,,,,,,,,,,699
"11(1,C2)",Standard2,,,,,,,,,,,,770
"12(1,D2)",Standard3,,,,,,,,,,,,860
"13(1,E2)",Standard4,,,,,,,,,,,,682
"14(1,F2)",Standard5,,,,,,,,,,,,646
"15(1,G2)",Standard6,,,,,,,,,,,,667
"16(1,H2)",Unknown1,,,,,,,,,,,,3152
"17(1,A3)",Unknown2,,,,,,,,,,,,3172
"18(1,B3)",Unknown3,,,,,,,,,,,,767
"19(1,C3)",Unknown4,,,,,,,,,,,,738
"20(1,D3)",Unknown5,,,,,,,,,,,,753
"21(1,E3)",Unknown6,,,,,,,,,,,,820
"22(1,F3)",Unknown7,,,,,,,,,,,,2176
"23(1,G3)",Unknown8,,,,,,,,,,,,719
"24(1,H3)",Unknown9,,,,,,,,,,,,1330
"25(1,A4)",Unknown2,,,,,,,,,,,,2895
"26(1,B4)",Unknown3,,,,,,,,,,,,883
"27(1,C4)",Unknown4,,,,,,,,,,,,731
"28(1,D4)",Unknown5,,,,,,,,,,,,773
"29(1,E4)",Unknown6,,,,,,,,,,,,735
"30(1,F4)",Unknown7,,,,,,,,,,,,2025
"31(1,G4)",Unknown8,,,,,,,,,,,,843
"32(1,H4)",Unknown9,,,,,,,,,,,,1201
"33(1,A5)",Unknown10,,,,,,,,,,,,2029
"34(1,B5)",Unknown11,,,,,,,,,,,,738
"35(1,C5)",Unknown12,,,,,,,,,,,,648
"36(1,D5)",Unknown13,,,,,,,,,,,,718
"37(1,E5)",Unknown14,,,,,,,,,,,,2749
"38(1,F5)",Unknown15,,,,,,,,,,,,3294
"39(1,G5)",Unknown16,,,,,,,,,,,,2985
"40(1,H5)",Unknown17,,,,,,,,,,,,2747
"41(1,A6)",Unknown10,,,,,,NaN,,,,,,1346
"42(1,B6)",Unknown11,,,,,,,,,,,,913
"43(1,C6)",Unknown12,,,,,,,,,,,,820
"44(1,D6)",Unknown13,,,,,,,,,,,,611
"45(1,E6)",Unknown14,,,,,,,,,,,,2484
"46(1,F6)",Unknown15,,,,,,NaN,,,,,,2680
"47(1,G6)",Unknown16,,,,,,,,,,,,2682
"48(1,H6)",Unknown17,,,,,,,,,,,,2772
"49(1,A7)",Unknown18,,,,,,,,,,,,2559
"50(1,B7)",Unknown19,,,,,,NaN,,,,,,2645
"51(1,C7)",Unknown20,,,,,,,,,,,,2924
"52(1,D7)",Unknown21,,,,,,,,,,,,2863
"53(1,E7)",Unknown22,,,,,,,,,,,,2441
"54(1,F7)",Unknown23,,,,,,,,,,,,791
"55(1,G7)",Unknown24,,,,,,,,,,,,752
"56(1,H7)",Unknown25,,,,,,,,,,,,769
"57(1,A8)",Unknown18,,,,,,,,,,,,2031
"58(1,B8)",Unknown19,,,,,,NaN,,,,,,2615
"59(1,C8)",Unknown20,,,,,,,,,,,,2696
"60(1,D8)",Unknown21,,,,,,,,,,,,2447
"61(1,E8)",Unknown22,,,,,,NaN,,,,,,1793
"62(1,F8)",Unknown23,,,,,,,,,,,,626
"63(1,G8)",Unknown24,,,,,,,,,,,,717
"64(1,H8)",Unknown25,,,,,,,,,,,,837
"65(1,A9)",Unknown26,,,,,,,,,,,,831
"66(1,B9)",Unknown27,,,,,,,,,,,,804
"67(1,C9)",Unknown28,,,,,,,,,,,,741
"68(1,D9)",Unknown29,,,,,,,,,,,,1528
"69(1,E9)",Unknown30,,,,,,,,,,,,691
"70(1,F9)",Unknown31,,,,,,,,,,,,1043
"71(1,G9)",Unknown32,,,,,,,,,,,,2071
"72(1,H9)",Unknown33,,,,,,,,,,,,831
"73(1,A10)",Unknown26,,,,,,,,,,,,752
"74(1,B10)",Unknown27,,,,,,,,,,,,919
"75(1,C10)",Unknown28,,,,,,,,,,,,849
"76(1,D10)",Unknown29,,,,,,,,,,,,776
"77(1,E10)",Unknown30,,,,,,,,,,,,740
"78(1,F10)",Unknown31,,,,,,,,,,,,913
"79(1,G10)",Unknown32,,,,,,,,,,,,1815
"80(1,H10)",Unknown33,,,,,,,,,,,,697
"81(1,A11)",Unknown34,,,,,,,,,,,,673
"82(1,B11)",Unknown35,,,,,,,,,,,,1066
"83(1,C11)",Unknown36,,,,,,,,,,,,672
"84(1,D11)",Unknown37,,,,,,,,,,,,2466
"85(1,E11)",Unknown38,,,,,,,,,,,,943
"86(1,F11)",Unknown39,,,,,,,,,,,,1270
"87(1,G11)",Unknown40,,,,,,,,,,,,854
"88(1,H11)",Unknown41,,,,,,,,,,,,805
"89(1,A12)",Unknown34,,,,,,,,,,,,656
"90(1,B12)",Unknown35,,,,,,,,,,,,1012
"91(1,C12)",Unknown36,,,,,,,,,,,,763
"92(1,D12)",Unknown37,,,,,,,,,,,,1388
"93(1,E12)",Unknown38,,,,,,,,,,,,1142
"94(1,F12)",Unknown39,,,,,,,,,,,,1115
"95(1,G12)",Unknown40,,,,,,,,,,,,739
"96(1,H12)",Unknown41,,,,,,,,,,,,832
,,,,,,,,,,,,,
DataType:,Avg Net MFI,,,,,,,,,,,,
Sample,BDNF 15,MIF 21,S100B 22,IL-7 29,Tau 33,IL-13 47,M-CSF 48,PDGF-AA 56,IL-15 63,TNF RI 66,IL-18 78,,
Standard1,10178.75,3339,10849.75,3445,3813.75,3193.5,7999,3854.25,3752.25,4147.5,6577,,
Standard2,4653.25,894.75,5879.75,1361.25,1840,1486.5,4458.25,1431.5,1421.5,1978,3186.25,,
Standard3,1902.25,212,2347,514.25,663.25,559.75,1985.75,496.75,524.5,782.75,1340.25,,
Standard4,698,54.25,796.5,175.5,206.5,137,783.25,168.75,171.75,264.5,463.75,,
Standard5,242,14.75,274,55,68,28.5,279.5,55,56.5,88.25,162,,
Standard6,79.75,5.5,90,17.25,20.75,5,93.75,17.5,17.75,30,51.75,,
Unknown1,9761.75,177,22.25,37.5,-30.5,7,12.25,5947,4.25,889.5,310.5,,
Unknown2,7336,20,17.75,30,-28.5,11.5,-0.25,3147.25,3,610.75,156.5,,
Unknown3,1581.25,149.5,351.75,6.5,-22,1.75,32.25,223,12,687.75,312.5,,
Unknown4,6172.75,177.5,15.5,19.5,-22.75,1.75,21.75,6700.25,2.5,947.25,323.5,,
Unknown5,7381,102,11,28.5,-18.5,1,3.5,7213.25,0,1157.75,402.25,,
Unknown6,8248.25,118.25,17,7.75,-21.5,0.5,22,2622.5,-0.25,1175.25,272,,
Unknown7,9741.75,49,10.75,34,-20.25,6.5,17.75,5131,1.75,1054.5,292,,
Unknown8,8264.75,348.5,17.75,36.5,-25.25,3.75,16.75,6131,-1.25,947.75,161.5,,
Unknown9,4378,193.5,3.25,7,-28,2.25,2,1114.5,13.75,710,144.5,,
Unknown10,3860.5,768,13.75,7,-27,-0.5,34.75,1999.5,4.75,1179,309.5,,
Unknown11,4873,821,4.5,10.75,-27.5,-0.5,28,1959.25,4.5,1227,292.75,,
Unknown12,6591.5,184.75,33.5,71.25,-28.75,2,17.75,6350.25,10,1049.25,68.5,,
Unknown13,4311.25,1433.5,29.75,141,-26,1.5,42.75,9698,8.5,1633.25,128,,
Unknown14,7279.75,36,23.75,37.5,-30,-6,35.75,2323,4.75,604.75,203,,
Unknown15,6272.75,18,40.75,32.5,-27.5,6.5,15.75,2999.5,4.25,721,298.5,,
Unknown16,7950.75,22,33.25,42,-26,4.25,26.75,2964,5.25,798,365.5,,
Unknown17,7216,46.25,41.25,47.5,-30,6.5,28.25,3842.5,7.75,673,326,,
Unknown18,9863.25,205.5,9.75,59,-23.5,19.5,30.75,8906,2.25,568.5,605,,
Unknown19,10306.25,249,10.75,83.5,-27.5,NaN,37.75,8399.5,4.75,678,479.5,,
Unknown20,8947.5,112.25,9.75,14.75,-22.5,2.5,25.25,3808,4.75,717,462.5,,
Unknown21,8346.5,46.75,15.75,17,-29.5,-4.25,20.75,3505.75,6.75,707,311,,
Unknown22,9939.5,114.25,20.25,34.5,-19.5,3.5,30.75,6714.5,3.5,573.25,213.25,,
Unknown23,11797.25,171.5,19.25,60.75,-22.25,-0.5,19.25,7166.5,8.75,871.75,190.5,,
Unknown24,9656,288.75,20.25,42.75,-13,2.75,23.25,4183.25,8.25,934.75,342,,
Unknown25,8684,136.5,19,27.5,-31,3.5,0.5,4700.25,1.25,511.5,7.75,,
Unknown26,7640.25,127,14.5,21.5,-29.25,-5.5,-11.25,3340,-3.25,454.5,9.5,,
Unknown27,8666,30,-2.25,26.5,-39.5,-1.75,-1.25,5529.75,-4.75,676.5,247,,
Unknown28,8857.5,22.5,0,28.75,-37,0.5,-3.75,5431.25,-4.25,553.75,283.5,,
Unknown29,10387.75,56,0.75,31.75,-36,5,1.75,5872.75,-1,648.75,361.75,,
Unknown30,9412.5,181.75,0.75,18.5,-37,1.5,0,5069.5,-1,673.25,247.75,,
Unknown31,8980.5,90.5,7,47.75,-33.5,0.25,7.25,7926,0.25,852.5,820.5,,
Unknown32,10782.75,233.5,31.25,54.5,-22.25,3.25,13.25,7746,11.75,570.25,112.5,,
Unknown33,6618.75,681,27.25,90.5,-28,1.25,-4.25,7893.75,7.75,655,598.25,,
Unknown34,6166.25,202,28.25,10,-29,-0.5,-5.5,3524.25,1.25,674.5,317.5,,
Unknown35,7055,28,10.75,33,-19,-1.25,0.75,6010.25,0.75,420.75,219,,
Unknown36,5107.25,22.5,13,97,-33,0,-1.25,7073.75,0.5,516.5,118.25,,
Unknown37,7527.25,69.5,21.75,40.5,-30.5,1,8.25,4910.5,1.75,437.75,355,,
Unknown38,7302.75,58,24.75,32.25,-32,-0.75,11.25,4627.5,5.5,654.75,410,,
Unknown39,7360.25,34.25,13.25,28,-27.5,-0.5,4.75,4735,-1.25,514.25,267,,
Unknown40,8802.5,47,31.75,44,-29.25,0.25,-4.75,6078,-2.25,1018.5,232,,
Unknown41,9366.5,104.5,25.75,53.25,-25.5,1.5,-4.75,6786.25,-0.75,1166.75,242.5,,
,,,,,,,,,,,,,
DataType:,Avg Result,,,,,,,,,,,,
Sample,BDNF 15,MIF 21,S100B 22,IL-7 29,Tau 33,IL-13 47,M-CSF 48,PDGF-AA 56,IL-15 63,TNF RI 66,IL-18 78,,
Standard1,2660.777013,55658.41509,22977.53625,1442.914016,26244.38407,112210.1481,124749.7625,1019.623835,1539.531719,53922.97735,13341.4704,,
Standard2,880.4356885,18681.33896,7527.786311,468.7600258,8678.502206,35695.93369,41765.31199,340.8761428,505.9433355,17829.81904,4356.330124,,
Standard3,296.2104555,6091.458917,2552.168437,160.0248774,2955.681101,12728.93159,13806.93103,112.8909102,173.9289304,6042.733619,1512.125123,,
Standard4,98.05678094,2072.461719,829.7150833,53.42050366,948.5388622,4036.315986,4661.905286,37.96153013,56.13818234,1975.146277,480.8288228,,
Standard5,32.78955431,691.135305,282.7248643,17.54540714,327.8133347,1373.956422,1538.472658,12.59942216,19.06205859,667.5489084,165.5564284,,
Standard6,10.91028688,246.7732334,93.28569283,5.909061806,107.3960707,454.5585122,515.1233682,4.258020095,6.324523337,221.3277618,54.49795643,,
Unknown1,2494.432971,5289.389183,24.14460267,12.25704762,< 107.6,562.5318813,104.322902,1703.128833,1.515960039,6945.691904,318.3799898,,
Unknown2,1642.031417,904.4202444,19.57780422,9.945343571,< 107.6,732.7486279,46.13961902,810.0196439,1.003272241,4640.929293,159.9759281,,
Unknown3,240.0136746,4632.537049,363.2970242,2.198322361,< 107.6,214.9418253,201.3102658,50.16810838,4.34021585,5264.423361,320.5331704,,
Unknown4,1283.803327,5300.582979,17.2963615,6.638105066,< 107.6,N/A,149.932163,1971.670256,0.813166839,7445.239584,331.9588799,,
Unknown5,1648.51403,3428.286264,12.73874624,9.484010396,< 107.6,125.9610833,63.30121733,2161.750746,N/A,9331.61255,415.0265997,,
Unknown6,1936.102529,3852.805046,18.81707702,2.634219544,< 107.6,N/A,151.1458413,659.3009157,< 6.32,9492.143245,278.334148,,
Unknown7,2485.020504,1908.786762,12.48584589,11.18483414,< 107.6,530.5651496,130.6155093,1425.925705,0.489144311,8392.12066,299.0937015,,
Unknown8,1941.80684,8977.570533,19.57750511,11.95151104,< 107.6,377.3248736,125.8422414,1767.647531,< 6.32,7449.009899,165.0484046,,
Unknown9,813.7209905,5671.75235,4.920182083,2.390096442,< 107.6,267.398008,56.43922783,261.2846978,4.95065433,5441.604098,147.8181687,,
Unknown10,697.7197813,16566.0843,15.52670066,2.379852461,< 107.6,< 454.8,213.7540083,489.7504291,1.658451425,9556.808215,317.3557577,,
Unknown11,937.7395726,17473.42541,6.174980013,3.72483084,< 107.6,< 454.8,180.4290358,478.3759314,1.597221048,9977.182479,299.8739276,,
Unknown12,1424.593137,5469.720292,35.58282236,22.39555098,< 107.6,233.8175396,130.6256268,1847.555639,3.63566104,8348.574929,71.29564528,,
Unknown13,800.4141881,26942.07926,31.76779762,43.10704723,< 107.6,199.3060814,253.4692622,3162.942124,3.098364221,14015.3776,131.1426288,,
Unknown14,1616.394147,1484.513863,25.66839315,12.25729639,< 107.6,< 454.8,218.6107558,576.4107391,1.705521038,4590.797778,207.322514,,
Unknown15,1312.450768,825.463152,42.96596923,10.72312386,< 107.6,537.1033752,121.0167991,766.2815395,1.515960039,5531.95826,305.8666172,,
Unknown16,1834.905379,982.3797264,35.32824508,13.62719504,< 107.6,364.8317263,174.2807674,756.0868462,1.899960492,6170.404959,376.1349149,,
Unknown17,1597.66094,1821.666625,43.47550848,15.29098128,< 107.6,521.6957155,181.628646,1016.09073,2.827758538,5140.109861,334.5932072,,
Unknown18,2589.057229,5923.818787,11.47950413,18.74208494,< 107.6,1036.191946,194.1748422,2837.003613,N/A,4305.986111,635.0565872,,
Unknown19,2724.801799,6894.964466,12.48864624,26.03427634,< 107.6,NaN,228.669493,2627.794394,1.689809486,5183.864426,497.8155865,,
Unknown20,2188.022419,3697.07104,11.47588106,5.084678487,< 107.6,238.7378973,166.9695865,1005.657072,1.705521038,5499.037405,479.4724395,,
Unknown21,1970.399252,1836.494292,17.54987718,5.827737859,< 107.6,N/A,145.1167159,914.5279857,2.461445,5416.928617,318.8916323,,
Unknown22,2563.217023,3748.965196,22.1142266,11.33823502,< 107.6,360.9074448,193.9135107,1976.851493,1.209279599,4340.580652,217.8130325,,
Unknown23,3364.27669,5159.052261,21.10048918,19.26574407,< 107.6,< 454.8,137.8509328,2143.608608,3.181898589,6793.725176,194.5570177,,
Unknown24,2454.271921,7753.061081,22.1142266,13.85473266,< 107.6,N/A,157.2830655,1121.118654,3.004493288,7336.445776,351.3552992,,
Unknown25,2088.904326,4312.350524,20.84948107,9.170413413,< 107.6,360.9074448,49.5314772,1285.178053,N/A,3855.178023,10.14611829,,
Unknown26,1734.180349,4074.395016,16.28359632,7.279993254,< 107.6,< 454.8,N/A,865.4519835,< 6.32,3412.89343,11.93434233,,
Unknown27,2082.603186,1276.537952,N/A,8.857599396,< 107.6,< 454.8,41.6132045,1559.969094,< 6.32,5168.668924,252.4997545,,
Unknown28,2155.8651,1000.670616,N/A,9.560537163,< 107.6,N/A,30.39964236,1526.437115,< 6.32,4186.377559,290.2851146,,
Unknown29,2745.899458,2125.983002,2.403183926,10.49165858,< 107.6,453.9594687,55.24327336,1677.455508,< 6.32,4943.748003,372.1454302,,
Unknown30,2358.092248,5399.299334,2.403183926,6.315051281,< 107.6,170.3983353,47.25521141,1405.551903,< 6.32,5142.066965,253.2733244,,
Unknown31,2196.378313,3118.577897,8.695480525,15.36629092,< 107.6,N/A,80.74776984,2434.148412,< 6.32,6629.817692,878.9902279,,
Unknown32,2917.052064,6569.366199,33.2930922,17.39563071,< 107.6,N/A,109.0836776,2364.267393,4.254409151,4316.871733,115.5101834,,
Unknown33,1414.565978,15113.58123,29.22501516,28.11114293,< 107.6,N/A,28.17069711,2422.000345,2.827193678,4994.56045,627.6243402,,
Unknown34,1290.487712,5859.847334,30.24333663,3.464864006,< 107.6,N/A,22.73623525,920.872106,N/A,5157.706245,325.6920496,,
Unknown35,1583.853372,1203.131969,12.48864624,10.87689022,< 107.6,N/A,50.7352487,1729.558977,N/A,3155.855548,223.7103284,,
Unknown36,999.718191,996.1645571,14.76603968,30.03859151,< 107.6,N/A,41.6132045,2111.987132,N/A,3895.121754,121.3038344,,
Unknown37,1696.799388,2527.73072,23.63716174,13.17136234,< 107.6,N/A,85.43654743,1353.365133,0.489144311,3284.009393,365.0315482,,
Unknown38,1624.233693,2186.591457,26.68548127,10.64498787,< 107.6,N/A,99.58640253,1261.72043,1.993333809,4992.236035,423.2720745,,
Unknown39,1647.510783,1424.444482,15.01720932,9.325477989,< 107.6,< 454.8,69.11889411,1296.492828,< 6.32,3877.051376,273.1718633,,
Unknown40,2133.656627,1845.575921,33.80183614,14.23304831,< 107.6,N/A,25.95900887,1748.946302,< 6.32,8071.14431,237.0544745,,
Unknown41,2340.368614,3493.668004,27.70074303,17.02057592,< 107.6,170.3983353,25.97881647,2003.15331,< 6.32,9414.440564,247.8656687,,
,,,,,,,,,,,,,
DataType:,Avg Range,,,,,,,,,,,,
Sample,BDNF 15,MIF 21,S100B 22,IL-7 29,Tau 33,IL-13 47,M-CSF 48,PDGF-AA 56,IL-15 63,TNF RI 66,IL-18 78,,
Standard1,,,,,,,,,,,,,
Standard2,,,,,,,,,,,,,
Standard3,,,,,,,,,,,,,
Standard4,,,,,,,,,,,,,
Standard5,,,,,,,,,,,,,
Standard6,,,,,,,,,,,,,
Unknown1,,,,,,,,,,,,,
Unknown2,,,,,,,,,,,,,
Unknown3,,,,,,,,,,,,,
Unknown4,,,,,,,,,,,,,
Unknown5,,,,,,,,,,,,,
Unknown6,,,,,,,,,,,,,
Unknown7,,,,,,,,,,,,,
Unknown8,,,,,,,,,,,,,
Unknown9,,,,,,,,,,,,,
Unknown10,,,,,,,,,,,,,
Unknown11,,,,,,,,,,,,,
Unknown12,,,,,,,,,,,,,
Unknown13,,,,,,,,,,,,,
Unknown14,,,,,,,,,,,,,
Unknown15,,,,,,,,,,,,,
Unknown16,,,,,,,,,,,,,
Unknown17,,,,,,,,,,,,,
Unknown18,,,,,,,,,,,,,
Unknown19,,,,,,,,,,,,,
Unknown20,,,,,,,,,,,,,
Unknown21,,,,,,,,,,,,,
Unknown22,,,,,,,,,,,,,
Unknown23,,,,,,,,,,,,,
Unknown24,,,,,,,,,,,,,
Unknown25,,,,,,,,,,,,,
Unknown26,,,,,,,,,,,,,
Unknown27,,,,,,,,,,,,,
Unknown28,,,,,,,,,,,,,
Unknown29,,,,,,,,,,,,,
Unknown30,,,,,,,,,,,,,
Unknown31,,,,,,,,,,,,,
Unknown32,,,,,,,,,,,,,
Unknown33,,,,,,,,,,,,,
Unknown34,,,,,,,,,,,,,
Unknown35,,,,,,,,,,,,,
Unknown36,,,,,,,,,,,,,
Unknown37,,,,,,,,,,,,,
Unknown38,,,,,,,,,,,,,
Unknown39,,,,,,,,,,,,,
Unknown40,,,,,,,,,,,,,
Unknown41,,,,,,,,,,,,,
,,,,,,,,,,,,,
DataType:,%CV Replicates,,,,,,,,,,,,
Sample,BDNF 15,MIF 21,S100B 22,IL-7 29,Tau 33,IL-13 47,M-CSF 48,PDGF-AA 56,IL-15 63,TNF RI 66,IL-18 78,,
Standard1,6.29515918,2.681876714,11.59283727,2.956696703,5.176832583,2.489673656,2.669406266,0.052901163,0.831577407,0.383540777,4.85647556,,
Standard2,2.053988224,0.828117926,0.277946214,2.126521552,2.116852337,0.938899164,3.605856321,2.587771518,1.01701431,0.57646471,0.967158009,,
Standard3,1.626746027,2.347266822,0.53572399,1.238568775,4.187169657,0.174869846,0.662511611,1.967538171,1.472540968,0.390438241,0.988718909,,
Standard4,6.297926455,0.525074206,3.387492074,0,0.659012328,5.703173465,6.833765962,1.461619039,4.071409379,1.199684605,3.245218886,,
Standard5,1.327879036,6.509287878,2.198878786,3.624180591,4.942521504,3.223532335,1.449527985,4.986204008,1.797624983,1.587605062,3.034777841,,
Standard6,1.728504967,32.89303828,0.388093378,5.857443622,1.576866254,0,5.034368307,11.12781717,3.805820009,1.272660967,1.951862987,,
Unknown1,6.88376488,0.938975923,0,3.524511417,0,6.39276445,0,0.231360978,18.13892885,1.615217301,4.636692404,,
Unknown2,20.35223684,9.197850693,10.99012348,15.43985194,0,59.42292727,20.87566159,15.97308171,72.47152484,11.6882644,2.689482932,,
Unknown3,10.41229764,4.829389236,8.283356859,24.30070547,0,48.18757244,6.930190955,14.62550651,14.26732601,14.76752198,12.44002977,,
Unknown4,3.347297827,3.745744334,10.35918359,6.862887762,0,NaN,2.286389562,3.690089181,18.26224393,3.721659083,1.7834019,,
Unknown5,2.085798536,2.740429141,2.808255344,0,0,82.34725223,7.740538214,5.897981507,NaN,4.329885852,1.539698617,,
Unknown6,2.591079228,0.707021973,9.526556584,54.28084612,0,NaN,3.403622319,0.030017056,0,1.034758432,1.315950573,,
Unknown7,0.657442607,3.503813962,5.729620834,1.943328392,0,28.17562882,2.603804388,2.332951311,0,0.943848854,0.245883907,,
Unknown8,2.72536082,0.632070055,3.663448236,1.810312996,0,6.153252047,13.4830997,2.451137199,0,0.165343707,2.174185101,,
Unknown9,2.877002043,0.572007389,86.75289409,11.00367049,0,10.99148161,25.87592724,1.004644885,9.900794872,2.287748387,1.936642589,,
Unknown10,27.74693306,14.8322184,41.51502945,33.23442037,0,0,18.01083313,20.76534234,99.71048617,21.09935634,7.906276676,,
Unknown11,17.49348809,3.276348308,40.38633478,23.04293357,0,0,10.56266427,8.315580234,60.12427559,5.824954712,0.613200883,,
Unknown12,34.74315182,2.547687191,5.05643505,3.287508784,0,55.71418601,7.81064691,12.65189192,10.37385549,8.186222943,1.989589779,,
Unknown13,19.42240228,1.229471998,11.31975682,4.886566709,0,0,4.186156553,5.09984466,12.35149258,1.858669017,7.076344345,,
Unknown14,2.335986564,1.616063926,8.395403406,0,0,0,4.810102594,0.939956555,31.84121666,0.245791791,0.348730159,,
Unknown15,3.087923916,3.449574589,1.67689904,0,0,0,2.798146986,0.451235719,18.13892885,3.411189874,4.333456894,,
Unknown16,2.029793181,2.754956394,0,1.574737118,0,86.49236233,1.984283369,1.126985148,14.10975319,2.735031393,7.539239246,,
Unknown17,8.892389103,0.620286863,3.314724313,0,0,43.5865096,3.817264219,2.991646191,0,3.180940633,5.974576499,,
Unknown18,39.75528151,22.19004371,56.0522186,7.897266807,0,54.58199202,30.45737694,18.38374749,NaN,15.1344792,0.369978205,,
Unknown19,18.83268703,15.7848598,40.09541297,8.060143868,0,0,19.97764963,15.93450926,64.5787243,12.79928029,3.834723183,,
Unknown20,11.58664952,5.220374807,31.15323357,11.55344862,0,110.2531244,8.263657896,4.705348973,31.84121666,2.795256857,0.634843963,,
Unknown21,4.406769025,9.20870429,12.25243419,3.965698883,0,NaN,11.78832536,0.42627579,0,0.053405381,0.231485186,,
Unknown22,1.861958664,5.127197112,6.490925956,3.830399151,0,0,5.383934737,3.58570058,58.60435834,3.483158171,1.163975495,,
Unknown23,4.803132245,5.495447692,20.4024966,4.934014304,0,0,7.424122286,0.358004775,32.02098392,0.177694459,2.224598364,,
Unknown24,9.113453926,3.342171976,6.490925956,0.773701613,0,NaN,17.48224121,0.658900521,25.5612571,3.34608268,1.479774459,,
Unknown25,0.260345336,6.520321799,36.13023787,9.631073665,0,0,9.761749842,3.539229718,NaN,4.796512188,17.82432036,,
Unknown26,10.14143683,6.577919659,19.79923864,0,0,0,NaN,2.984893363,0,3.273870877,12.08740554,,
Unknown27,2.261663413,1.964026327,NaN,10.0013434,0,0,23.01761582,5.579667298,0,4.165957271,3.17589794,,
Unknown28,12.66978133,10.76229897,NaN,8.05477573,0,NaN,20.65815128,3.838501953,0,1.597725367,7.840640284,,
Unknown29,4.887154036,3.048404527,29.4953463,1.040771484,0,9.065407192,5.869602776,3.252018449,0,0.115351346,2.705083501,,
Unknown30,2.780646776,5.029165165,29.4953463,7.253380767,0,97.75286544,10.20606045,1.245262157,0,2.566252425,3.310593012,,
Unknown31,1.199239462,2.477610538,4.105260366,2.081327353,0,NaN,8.199391373,1.021859442,0,0.317054037,0.74430746,,
Unknown32,12.09046912,0.473115759,0,2.437746505,0,NaN,6.172099735,2.580303191,0,3.888672898,4.933157824,,
Unknown33,7.895679424,1.370744805,0,4.475802246,0,NaN,11.10302484,4.687091854,9.102301362,4.402657724,4.673137599,,
Unknown34,25.13624129,11.79338433,19.01890294,21.45850083,0,NaN,47.55971712,13.04845162,NaN,16.63755209,4.538888015,,
Unknown35,45.37513652,14.84695224,40.09541297,4.0048728,0,NaN,31.79476392,18.41869152,NaN,18.35116327,4.213898362,,
Unknown36,22.94630095,27.09223164,36.3684332,0.697954522,0,NaN,23.01761582,13.14295069,NaN,10.14428238,2.644440648,,
Unknown37,8.455945293,3.25008918,9.112531527,3.265055483,0,NaN,7.773634336,2.202354792,0,3.307513687,2.652073568,,
Unknown38,5.955010376,4.899597979,18.84662386,7.173000823,0,NaN,6.726241407,2.446181966,20.07338385,1.830400162,1.245228242,,
Unknown39,17.21751313,5.966603369,19.07476152,11.82248995,0,0,18.99233559,4.917269148,0,7.693016877,6.697595197,,
Unknown40,8.882226006,1.219851847,2.128501462,4.512128365,0,NaN,0,0.993475177,0,1.593960861,0.91994927,,
Unknown41,0.040112853,6.418819852,10.37714089,3.117142116,0,97.75286544,23.97178806,4.283608974,0,3.885988385,4.701800963,,
,,,,,,,,,,,,,
DataType:,% Recovery,,,,,,,,,,,,
Location,Sample,BDNF 15,MIF 21,S100B 22,IL-7 29,Tau 33,IL-13 47,M-CSF 48,PDGF-AA 56,IL-15 63,TNF RI 66,IL-18 78,
"2(1,B1)",Standard1,104.88,98.21,109.52,103.01,104.03,103.32,98.07,99.93,99.71,99.92,104.07,
"3(1,C1)",Standard2,98.23,100.21,99.68,96.86,98.07,96.25,97.83,98.42,98.16,98.98,97.89,
"4(1,D1)",Standard3,101.77,96.97,100.8,101.59,104.74,103.53,100.03,101.03,100.89,100.77,103.35,
"5(1,E1)",Standard4,104.35,100.27,101.05,100.87,98.4,102.58,105.72,99.39,101.59,99.93,100.16,
"6(1,F1)",Standard5,101.15,105.32,102.45,96.86,98,103,98.82,96.55,99.31,99.35,103.3,
"7(1,G1)",Standard6,98.78,82.77,100.13,96.33,98.7,99.95,96.73,109.36,97.38,100.83,101.26,
"10(1,B2)",Standard1,95.94,102,92.93,98.79,96.69,99.74,101.84,100,100.88,100.46,97.16,
"11(1,C2)",Standard2,101.12,101.39,99.29,99.81,101.05,97.54,102.95,102.09,99.59,99.79,99.23,
"12(1,D2)",Standard3,99.46,100.24,101.57,99.83,98.71,103.78,99.09,98.25,103.01,101.33,101.92,
"13(1,E2)",Standard4,95.46,101.01,96.32,100.87,97.48,94.63,95.98,101.47,95.91,98.25,95.66,
"14(1,F2)",Standard5,99.27,96.06,99.31,101.95,105.1,98.41,100.87,103.6,101.87,101.6,98.96,
"15(1,G2)",Standard6,101.22,132.94,99.58,104.66,100.92,99.95,103.87,93.4,102.76,99.03,98.51,
,,,,,,,,,,,,,
DataType:,Comments,,,,,,,,,,,,
Location,Sample,BDNF 15,MIF 21,S100B 22,IL-7 29,Tau 33,IL-13 47,M-CSF 48,PDGF-AA 56,IL-15 63,TNF RI 66,IL-18 78,
"1(1,A1)",Background0,,,,,,,,,,,,
"2(1,B1)",Standard1,Extrapolated,,Extrapolated,Extrapolated,Extrapolated,Extrapolated,,,,,Extrapolated,
"3(1,C1)",Standard2,,,,,,,,,,,,
"4(1,D1)",Standard3,,,,,,,,,,,,
"5(1,E1)",Standard4,,,,,,,,,,,,
"6(1,F1)",Standard5,,,,,,,,,,,,
"7(1,G1)",Standard6,Extrapolated,Extrapolated,,Extrapolated,Extrapolated,,Extrapolated,,Extrapolated,,,
"8(1,H1)",Unknown1,,,Extrapolated,,,,Extrapolated,Extrapolated,Extrapolated,,,
"9(1,A2)",Background0,,,,,,,,,,,,
"10(1,B2)",Standard1,,Extrapolated,,,,,Extrapolated,Extrapolated,Extrapolated,Extrapolated,,
"11(1,C2)",Standard2,,,,,,,,,,,,
"12(1,D2)",Standard3,,,,,,,,,,,,
"13(1,E2)",Standard4,,,,,,,,,,,,
"14(1,F2)",Standard5,,,,,,,,,,,,
"15(1,G2)",Standard6,,,Extrapolated,,,,,Extrapolated,,Extrapolated,Extrapolated,
"16(1,H2)",Unknown1,Extrapolated,,Extrapolated,,,,Extrapolated,Extrapolated,Extrapolated,,,
"17(1,A3)",Unknown2,,,Extrapolated,,,,Extrapolated,,Extrapolated,,,
"18(1,B3)",Unknown3,,,,Extrapolated,,Extrapolated,Extrapolated,,Extrapolated,,,
"19(1,C3)",Unknown4,,,Extrapolated,,,Extrapolated,Extrapolated,Extrapolated,Extrapolated,,,
"20(1,D3)",Unknown5,,,Extrapolated,,,Extrapolated,Extrapolated,Extrapolated,,,,
"21(1,E3)",Unknown6,,,Extrapolated,Extrapolated,,,Extrapolated,,,,,
"22(1,F3)",Unknown7,,,Extrapolated,,,Extrapolated,Extrapolated,Extrapolated,Extrapolated,,,
"23(1,G3)",Unknown8,,,Extrapolated,,,Extrapolated,Extrapolated,Extrapolated,,,,
"24(1,H3)",Unknown9,,,Extrapolated,Extrapolated,,Extrapolated,Extrapolated,,Extrapolated,,,
"25(1,A4)",Unknown2,,,Extrapolated,,,Extrapolated,Extrapolated,,Extrapolated,,,
"26(1,B4)",Unknown3,,,,Extrapolated,,Extrapolated,Extrapolated,,Extrapolated,,,
"27(1,C4)",Unknown4,,,Extrapolated,,,,Extrapolated,Extrapolated,Extrapolated,,,
"28(1,D4)",Unknown5,,,Extrapolated,,,Extrapolated,Extrapolated,Extrapolated,Extrapolated,,,
"29(1,E4)",Unknown6,,,Extrapolated,Extrapolated,,Extrapolated,Extrapolated,,,,,
"30(1,F4)",Unknown7,,,Extrapolated,,,,Extrapolated,Extrapolated,Extrapolated,,,
"31(1,G4)",Unknown8,,,Extrapolated,,,Extrapolated,Extrapolated,Extrapolated,,,,
"32(1,H4)",Unknown9,,,Extrapolated,Extrapolated,,Extrapolated,Extrapolated,,Extrapolated,,,
"33(1,A5)",Unknown10,,,Extrapolated,Extrapolated,,,Extrapolated,,Extrapolated,,,
"34(1,B5)",Unknown11,,,Extrapolated,Extrapolated,,,Extrapolated,,Extrapolated,,,
"35(1,C5)",Unknown12,,,Extrapolated,,,Extrapolated,Extrapolated,Extrapolated,Extrapolated,,,
"36(1,D5)",Unknown13,,,Extrapolated,,,Extrapolated,Extrapolated,Extrapolated,Extrapolated,,,
"37(1,E5)",Unknown14,,,Extrapolated,,,,Extrapolated,,Extrapolated,,,
"38(1,F5)",Unknown15,,,Extrapolated,,,,Extrapolated,,Extrapolated,,,
"39(1,G5)",Unknown16,,,Extrapolated,,,,Extrapolated,,Extrapolated,,,
"40(1,H5)",Unknown17,,,Extrapolated,,,,Extrapolated,,Extrapolated,,,
"41(1,A6)",Unknown10,,,Extrapolated,Extrapolated,,,Extrapolated,,Extrapolated,,,
"42(1,B6)",Unknown11,,,Extrapolated,Extrapolated,,,Extrapolated,,Extrapolated,,,
"43(1,C6)",Unknown12,,,Extrapolated,,,Extrapolated,Extrapolated,Extrapolated,Extrapolated,,,
"44(1,D6)",Unknown13,,,Extrapolated,,,Extrapolated,Extrapolated,Extrapolated,Extrapolated,,,
"45(1,E6)",Unknown14,,,Extrapolated,,,,Extrapolated,,Extrapolated,,,
"46(1,F6)",Unknown15,,,Extrapolated,,,,Extrapolated,,Extrapolated,,,
"47(1,G6)",Unknown16,,,Extrapolated,,,Extrapolated,Extrapolated,,Extrapolated,,,
"48(1,H6)",Unknown17,,,Extrapolated,,,Extrapolated,Extrapolated,Extrapolated,Extrapolated,,,
"49(1,A7)",Unknown18,Extrapolated,,Extrapolated,,,,Extrapolated,Extrapolated,Extrapolated,,,
"50(1,B7)",Unknown19,Extrapolated,,Extrapolated,,,,Extrapolated,Extrapolated,Extrapolated,,,
"51(1,C7)",Unknown20,,,Extrapolated,Extrapolated,,Extrapolated,Extrapolated,Extrapolated,Extrapolated,,,
"52(1,D7)",Unknown21,,,Extrapolated,Extrapolated,,,Extrapolated,,Extrapolated,,,
"53(1,E7)",Unknown22,Extrapolated,,Extrapolated,,,Extrapolated,Extrapolated,Extrapolated,Extrapolated,,,
"54(1,F7)",Unknown23,Extrapolated,,Extrapolated,,,,Extrapolated,Extrapolated,Extrapolated,,,
"55(1,G7)",Unknown24,Extrapolated,,Extrapolated,,,,Extrapolated,Extrapolated,Extrapolated,,,
"56(1,H7)",Unknown25,,,Extrapolated,,,Extrapolated,Extrapolated,Extrapolated,Extrapolated,,Extrapolated,
"57(1,A8)",Unknown18,,,Extrapolated,,,,Extrapolated,Extrapolated,,,,
"58(1,B8)",Unknown19,,,Extrapolated,,,,Extrapolated,Extrapolated,Extrapolated,,,
"59(1,C8)",Unknown20,,,Extrapolated,Extrapolated,,Extrapolated,Extrapolated,,Extrapolated,,,
"60(1,D8)",Unknown21,,,Extrapolated,Extrapolated,,Extrapolated,Extrapolated,,Extrapolated,,,
"61(1,E8)",Unknown22,,,Extrapolated,,,,Extrapolated,Extrapolated,Extrapolated,,,
"62(1,F8)",Unknown23,Extrapolated,,Extrapolated,,,,Extrapolated,Extrapolated,Extrapolated,,,
"63(1,G8)",Unknown24,,,Extrapolated,,,,Extrapolated,Extrapolated,Extrapolated,,,
"64(1,H8)",Unknown25,,,Extrapolated,,,Extrapolated,Extrapolated,Extrapolated,,,Extrapolated,
"65(1,A9)",Unknown26,,,Extrapolated,,,,,,,,Extrapolated,
"66(1,B9)",Unknown27,,,,,,,Extrapolated,Extrapolated,,,,
"67(1,C9)",Unknown28,,,Extrapolated,,,,Extrapolated,Extrapolated,,,,
"68(1,D9)",Unknown29,Extrapolated,,Extrapolated,,,Extrapolated,Extrapolated,Extrapolated,,,,
"69(1,E9)",Unknown30,,,Extrapolated,,,Extrapolated,Extrapolated,Extrapolated,,,,
"70(1,F9)",Unknown31,,,Extrapolated,,,Extrapolated,Extrapolated,Extrapolated,,,,
"71(1,G9)",Unknown32,Extrapolated,,Extrapolated,,,,Extrapolated,Extrapolated,Extrapolated,,,
"72(1,H9)",Unknown33,,,Extrapolated,,,Extrapolated,Extrapolated,Extrapolated,Extrapolated,,,
"73(1,A10)",Unknown26,,,Extrapolated,,,,Extrapolated,,,,Extrapolated,
"74(1,B10)",Unknown27,,,Extrapolated,,,,Extrapolated,Extrapolated,,,,
"75(1,C10)",Unknown28,,,,,,Extrapolated,Extrapolated,Extrapolated,,,,
"76(1,D10)",Unknown29,Extrapolated,,Extrapolated,,,,Extrapolated,Extrapolated,,,,
"77(1,E10)",Unknown30,,,Extrapolated,Extrapolated,,Extrapolated,Extrapolated,Extrapolated,,,,
"78(1,F10)",Unknown31,,,Extrapolated,,,,Extrapolated,Extrapolated,,,,
"79(1,G10)",Unknown32,Extrapolated,,Extrapolated,,,,Extrapolated,Extrapolated,Extrapolated,,,
"80(1,H10)",Unknown33,,,Extrapolated,,,,Extrapolated,Extrapolated,Extrapolated,,,
"81(1,A11)",Unknown34,,,Extrapolated,Extrapolated,,Extrapolated,Extrapolated,,,,,
"82(1,B11)",Unknown35,,,Extrapolated,,,,Extrapolated,Extrapolated,,,,
"83(1,C11)",Unknown36,,,Extrapolated,,,,Extrapolated,Extrapolated,,,,
"84(1,D11)",Unknown37,,,Extrapolated,,,,Extrapolated,Extrapolated,Extrapolated,,,
"85(1,E11)",Unknown38,,,Extrapolated,,,Extrapolated,Extrapolated,Extrapolated,Extrapolated,,,
"86(1,F11)",Unknown39,,,Extrapolated,,,,Extrapolated,Extrapolated,,,,
"87(1,G11)",Unknown40,,,Extrapolated,,,,Extrapolated,Extrapolated,,,,
"88(1,H11)",Unknown41,,,Extrapolated,,,Extrapolated,Extrapolated,Extrapolated,,,,
"89(1,A12)",Unknown34,,,Extrapolated,Extrapolated,,,Extrapolated,,Extrapolated,,,
"90(1,B12)",Unknown35,,,Extrapolated,,,Extrapolated,Extrapolated,Extrapolated,Extrapolated,,,
"91(1,C12)",Unknown36,,,Extrapolated,,,Extrapolated,Extrapolated,Extrapolated,Extrapolated,,,
"92(1,D12)",Unknown37,,,Extrapolated,,,Extrapolated,Extrapolated,Extrapolated,Extrapolated,,,
"93(1,E12)",Unknown38,,,Extrapolated,,,,Extrapolated,Extrapolated,Extrapolated,,,
"94(1,F12)",Unknown39,,,Extrapolated,,,,Extrapolated,Extrapolated,,,,
"95(1,G12)",Unknown40,,,Extrapolated,,,Extrapolated,Extrapolated,Extrapolated,,,,
"96(1,H12)",Unknown41,,,Extrapolated,,,Extrapolated,Extrapolated,Extrapolated,,,,
,,,,,,,,,,,,,
DataType:,Units,,,,,,,,,,,,
Analyte:,BDNF 15,MIF 21,S100B 22,IL-7 29,Tau 33,IL-13 47,M-CSF 48,PDGF-AA 56,IL-15 63,TNF RI 66,IL-18 78,,
BeadID:,15,21,22,29,33,47,48,56,63,66,78,,
Units:,,,,,,,,,,,,,
,,,,,,,,,,,,,
DataType:,Standard Expected Concentration,,,,,,,,,,,,
Reagent,BDNF 15,MIF 21,S100B 22,IL-7 29,Tau 33,IL-13 47,M-CSF 48,PDGF-AA 56,IL-15 63,TNF RI 66,IL-18 78,,
Standard1,2650,55600,22700,1430,26150,110520,124810,1020,1535,53820,13260,,
Standard2,883.3,18533,7566.7,476.7,8716.7,36840,41603.3,340,511.7,17940,4420,,
Standard3,294.4,6177.8,2522.2,158.9,2905.6,12280,13867.8,113.3,170.6,5980,1473.3,,
Standard4,98.15,2059.3,840.74,52.96,968.5,4093.3,4622.6,37.8,56.85,1993.3,491.1,,
Standard5,32.72,686.4,280.25,17.65,322.8,1364.4,1540.9,12.59,18.95,664.4,163.7,,
Standard6,10.91,228.8,93.42,5.88,107.6,454.8,513.6,4.2,6.32,221.48,54.56,,
,,,,,,,,,,,,,
DataType:,Control Expected Concentration,,,,,,,,,,,,
Reagent,BDNF 15,MIF 21,S100B 22,IL-7 29,Tau 33,IL-13 47,M-CSF 48,PDGF-AA 56,IL-15 63,TNF RI 66,IL-18 78,,
,,,,,,,,,,,,,
DataType:,Control Range - Low,,,,,,,,,,,,
Reagent,BDNF 15,MIF 21,S100B 22,IL-7 29,Tau 33,IL-13 47,M-CSF 48,PDGF-AA 56,IL-15 63,TNF RI 66,IL-18 78,,
,,,,,,,,,,,,,
DataType:,Control Range - High,,,,,,,,,,,,
Reagent,BDNF 15,MIF 21,S100B 22,IL-7 29,Tau 33,IL-13 47,M-CSF 48,PDGF-AA 56,IL-15 63,TNF RI 66,IL-18 78,,
,,,,,,,,,,,,,
DataType:,Per Bead Count,,,,,,,,,,,,
Analyte:,BDNF 15,MIF 21,S100B 22,IL-7 29,Tau 33,IL-13 47,M-CSF 48,PDGF-AA 56,IL-15 63,TNF RI 66,IL-18 78,,
BeadID:,15,21,22,29,33,47,48,56,63,66,78,,
Per Bead:,50,50,50,50,50,50,50,50,50,50,50,,
,,,,,,,,,,,,,
DataType:,Dilution Factor,,,,,,,,,,,,
Location,Sample,Dilution Factor,,,,,,,,,,,
"1(1,A1)",Background0,,,,,,,,,,,,
"2(1,B1)",Standard1,,,,,,,,,,,,
"3(1,C1)",Standard2,,,,,,,,,,,,
"4(1,D1)",Standard3,,,,,,,,,,,,
"5(1,E1)",Standard4,,,,,,,,,,,,
"6(1,F1)",Standard5,,,,,,,,,,,,
"7(1,G1)",Standard6,,,,,,,,,,,,
"8(1,H1)",Unknown1,1,,,,,,,,,,,
"9(1,A2)",Background0,,,,,,,,,,,,
"10(1,B2)",Standard1,,,,,,,,,,,,
"11(1,C2)",Standard2,,,,,,,,,,,,
"12(1,D2)",Standard3,,,,,,,,,,,,
"13(1,E2)",Standard4,,,,,,,,,,,,
"14(1,F2)",Standard5,,,,,,,,,,,,
"15(1,G2)",Standard6,,,,,,,,,,,,
"16(1,H2)",Unknown1,1,,,,,,,,,,,
"17(1,A3)",Unknown2,1,,,,,,,,,,,
"18(1,B3)",Unknown3,1,,,,,,,,,,,
"19(1,C3)",Unknown4,1,,,,,,,,,,,
"20(1,D3)",Unknown5,1,,,,,,,,,,,
"21(1,E3)",Unknown6,1,,,,,,,,,,,
"22(1,F3)",Unknown7,1,,,,,,,,,,,
"23(1,G3)",Unknown8,1,,,,,,,,,,,
"24(1,H3)",Unknown9,1,,,,,,,,,,,
"25(1,A4)",Unknown2,1,,,,,,,,,,,
"26(1,B4)",Unknown3,1,,,,,,,,,,,
"27(1,C4)",Unknown4,1,,,,,,,,,,,
"28(1,D4)",Unknown5,1,,,,,,,,,,,
"29(1,E4)",Unknown6,1,,,,,,,,,,,
"30(1,F4)",Unknown7,1,,,,,,,,,,,
"31(1,G4)",Unknown8,1,,,,,,,,,,,
"32(1,H4)",Unknown9,1,,,,,,,,,,,
"33(1,A5)",Unknown10,1,,,,,,,,,,,
"34(1,B5)",Unknown11,1,,,,,,,,,,,
"35(1,C5)",Unknown12,1,,,,,,,,,,,
"36(1,D5)",Unknown13,1,,,,,,,,,,,
"37(1,E5)",Unknown14,1,,,,,,,,,,,
"38(1,F5)",Unknown15,1,,,,,,,,,,,
"39(1,G5)",Unknown16,1,,,,,,,,,,,
"40(1,H5)",Unknown17,1,,,,,,,,,,,
"41(1,A6)",Unknown10,1,,,,,,,,,,,
"42(1,B6)",Unknown11,1,,,,,,,,,,,
"43(1,C6)",Unknown12,1,,,,,,,,,,,
"44(1,D6)",Unknown13,1,,,,,,,,,,,
"45(1,E6)",Unknown14,1,,,,,,,,,,,
"46(1,F6)",Unknown15,1,,,,,,,,,,,
"47(1,G6)",Unknown16,1,,,,,,,,,,,
"48(1,H6)",Unknown17,1,,,,,,,,,,,
"49(1,A7)",Unknown18,1,,,,,,,,,,,
"50(1,B7)",Unknown19,1,,,,,,,,,,,
"51(1,C7)",Unknown20,1,,,,,,,,,,,
"52(1,D7)",Unknown21,1,,,,,,,,,,,
"53(1,E7)",Unknown22,1,,,,,,,,,,,
"54(1,F7)",Unknown23,1,,,,,,,,,,,
"55(1,G7)",Unknown24,1,,,,,,,,,,,
"56(1,H7)",Unknown25,1,,,,,,,,,,,
"57(1,A8)",Unknown18,1,,,,,,,,,,,
"58(1,B8)",Unknown19,1,,,,,,,,,,,
"59(1,C8)",Unknown20,1,,,,,,,,,,,
"60(1,D8)",Unknown21,1,,,,,,,,,,,
"61(1,E8)",Unknown22,1,,,,,,,,,,,
"62(1,F8)",Unknown23,1,,,,,,,,,,,
"63(1,G8)",Unknown24,1,,,,,,,,,,,
"64(1,H8)",Unknown25,1,,,,,,,,,,,
"65(1,A9)",Unknown26,1,,,,,,,,,,,
"66(1,B9)",Unknown27,1,,,,,,,,,,,
"67(1,C9)",Unknown28,1,,,,,,,,,,,
"68(1,D9)",Unknown29,1,,,,,,,,,,,
"69(1,E9)",Unknown30,1,,,,,,,,,,,
"70(1,F9)",Unknown31,1,,,,,,,,,,,
"71(1,G9)",Unknown32,1,,,,,,,,,,,
"72(1,H9)",Unknown33,1,,,,,,,,,,,
"73(1,A10)",Unknown26,1,,,,,,,,,,,
"74(1,B10)",Unknown27,1,,,,,,,,,,,
"75(1,C10)",Unknown28,1,,,,,,,,,,,
"76(1,D10)",Unknown29,1,,,,,,,,,,,
"77(1,E10)",Unknown30,1,,,,,,,,,,,
"78(1,F10)",Unknown31,1,,,,,,,,,,,
"79(1,G10)",Unknown32,1,,,,,,,,,,,
"80(1,H10)",Unknown33,1,,,,,,,,,,,
"81(1,A11)",Unknown34,1,,,,,,,,,,,
"82(1,B11)",Unknown35,1,,,,,,,,,,,
"83(1,C11)",Unknown36,1,,,,,,,,,,,
"84(1,D11)",Unknown37,1,,,,,,,,,,,
"85(1,E11)",Unknown38,1,,,,,,,,,,,
"86(1,F11)",Unknown39,1,,,,,,,,,,,
"87(1,G11)",Unknown40,1,,,,,,,,,,,
"88(1,H11)",Unknown41,1,,,,,,,,,,,
"89(1,A12)",Unknown34,1,,,,,,,,,,,
"90(1,B12)",Unknown35,1,,,,,,,,,,,
"91(1,C12)",Unknown36,1,,,,,,,,,,,
"92(1,D12)",Unknown37,1,,,,,,,,,,,
"93(1,E12)",Unknown38,1,,,,,,,,,,,
"94(1,F12)",Unknown39,1,,,,,,,,,,,
"95(1,G12)",Unknown40,1,,,,,,,,,,,
"96(1,H12)",Unknown41,1,,,,,,,,,,,
,,,,,,,,,,,,,
,,,,,,,,,,,,,
DataType:,Analysis Types,,,,,,,,,,,,
Analyte:,BDNF 15,MIF 21,S100B 22,IL-7 29,Tau 33,IL-13 47,M-CSF 48,PDGF-AA 56,IL-15 63,TNF RI 66,IL-18 78,,
AnalysisType,Logistic 5P Weighted,Logistic 5P Weighted,Logistic 5P Weighted,Logistic 5P Weighted,Logistic 5P Weighted,Logistic 5P Weighted,Logistic 5P Weighted,Logistic 5P Weighted,Logistic 5P Weighted,Logistic 5P Weighted,Logistic 5P Weighted,,
,,,,,,,,,,,,,
DataType:,Analysis Coefficients,,,,,,,,,,,,
Analyte:,BDNF 15,MIF 21,S100B 22,IL-7 29,Tau 33,IL-13 47,M-CSF 48,PDGF-AA 56,IL-15 63,TNF RI 66,IL-18 78,,
Coefficient A,-0.600867796,2.131632829,-1.660327225,1.719159571,-0.796604001,0.400356598,-10.96785607,-1.312248637,0.814471749,4.274290495,-1.966839318,,
Coefficient B,78106.31504,4036.265247,14677.64788,1170216.477,5313.606494,9695.270315,15162.66815,96252.98908,1715830.135,11240.18338,17835.33699,,
Coefficient C,6350.285238,60039.21016,15362.24637,1088.774693,21349.62582,21397.53412,96593.31072,18218.67589,34459.0757,56259.70964,15505.83586,,
Coefficient D,-0.483839403,-6.667525696,-1.4623003,-0.184548072,-1.680395527,-0.564416527,-0.872772494,-0.60074487,-0.22624407,-0.778614209,-0.773562295,,
Coefficient F,2.201203267,0.193767153,0.680064064,8.73179128,0.619342564,3.354276302,1.086868665,1.697991864,5.541704871,1.405523084,1.324264211,,
,,,,,,,,,,,,,
DataType:,R^2,,,,,,,,,,,,
Analyte:,BDNF 15,MIF 21,S100B 22,IL-7 29,Tau 33,IL-13 47,M-CSF 48,PDGF-AA 56,IL-15 63,TNF RI 66,IL-18 78,,
Value,0.999219199,0.991258389,0.999478924,0.999113368,0.99908621,0.998407981,0.999043272,0.997728927,0.999341503,0.99987059,0.999303725,,
,,,,,,,,,,,,,
DataType:,Audit Logs,,,,,,,,,,,,
UserId,Date,Message,,,,,,,,,,,
,,,,,,,,,,,,,
DataType:,Warnings/Errors,,,,,,,,,,,,
Location,Status,Message,,,,,,,,,,,
"1,H1",Warning,The acquisition had at least one region that did not reach the maximum count.  (0x4FF010AB),,,,,,,,,,,
"1,H2",Warning,The acquisition had at least one region that did not reach the maximum count.  (0x4FF010AB),,,,,,,,,,,
"1,A3",Warning,The acquisition had at least one region that did not reach the maximum count.  (0x4FF010AB),,,,,,,,,,,
"1,F3",Warning,The acquisition had at least one region that did not reach the maximum count.  (0x4FF010AB),,,,,,,,,,,
"1,A4",Warning,The acquisition had at least one region that did not reach the maximum count.  (0x4FF010AB),,,,,,,,,,,
"1,F4",Warning,The acquisition had at least one region that did not reach the maximum count.  (0x4FF010AB),,,,,,,,,,,
"1,A5",Warning,The acquisition had at least one region that did not reach the maximum count.  (0x4FF010AB),,,,,,,,,,,
"1,E5",Warning,The acquisition had at least one region that did not reach the maximum count.  (0x4FF010AB),,,,,,,,,,,
"1,F5",Warning,The acquisition had at least one region that did not reach the maximum count.  (0x4FF010AB),,,,,,,,,,,
"1,G5",Warning,The acquisition had at least one region that did not reach the maximum count.  (0x4FF010AB),,,,,,,,,,,
"1,H5",Warning,The acquisition had at least one region that did not reach the maximum count.  (0x4FF010AB),,,,,,,,,,,
"1,A6",Warning,The acquisition had at least one region that did not reach the maximum count.  (0x4FF010AB),,,,,,,,,,,
"1,E6",Warning,The acquisition had at least one region that did not reach the maximum count.  (0x4FF010AB),,,,,,,,,,,
"1,F6",Warning,The acquisition had at least one region that did not reach the maximum count.  (0x4FF010AB),,,,,,,,,,,
"1,H6",Warning,The acquisition had at least one region that did not reach the maximum count.  (0x4FF010AB),,,,,,,,,,,
"1,A7",Warning,The acquisition had at least one region that did not reach the maximum count.  (0x4FF010AB),,,,,,,,,,,
"1,B7",Warning,The acquisition had at least one region that did not reach the maximum count.  (0x4FF010AB),,,,,,,,,,,
"1,C7",Warning,The acquisition had at least one region that did not reach the maximum count.  (0x4FF010AB),,,,,,,,,,,
"1,D7",Warning,The acquisition had at least one region that did not reach the maximum count.  (0x4FF010AB),,,,,,,,,,,
"1,E7",Warning,The acquisition had at least one region that did not reach the maximum count.  (0x4FF010AB),,,,,,,,,,,
"1,A8",Warning,The acquisition had at least one region that did not reach the maximum count.  (0x4FF010AB),,,,,,,,,,,
"1,B8",Warning,The acquisition had at least one region that did not reach the maximum count.  (0x4FF010AB),,,,,,,,,,,
"1,C8",Warning,The acquisition had at least one region that did not reach the maximum count.  (0x4FF010AB),,,,,,,,,,,
"1,D8",Warning,The acquisition had at least one region that did not reach the maximum count.  (0x4FF010AB),,,,,,,,,,,
"1,E8",Warning,The acquisition had at least one region that did not reach the maximum count.  (0x4FF010AB),,,,,,,,,,,
"1,G9",Warning,The acquisition had at least one region that did not reach the maximum count.  (0x4FF010AB),,,,,,,,,,,
"1,G10",Warning,The acquisition had at least one region that did not reach the maximum count.  (0x4FF010AB),,,,,,,,,,,
,,,,,,,,,,,,,
-- CRC --,,,,,,,,,,,,,
CRC32: 66ADC915,,,,,,,,,,,,,
